{
    "address_location_address_address_fias_detailed_level_apartment_type_apartment": ["fs_apartment_type"],
    "address_location_address_address_fias_detailed_level_level1_name_level1": ["fs_house"],
    "address_location_address_address_fias_detailed_level_level1_type_level1": ["fs_house_type"],
    "address_location_address_address_fias_detailed_level_level2_name_level2": ["fs_building"],
    "address_location_address_address_fias_detailed_level_level2_type_level2": ["fs_building_type"],
    "address_location_address_address_fias_detailed_level_level3_name_level3": ["fs_structure"],
    "address_location_address_address_fias_detailed_level_level3_type_level3": ["fs_structure_type"],
    "address_location_address_address_fias_detailed_level_other": ["fs_other"],
    "address_location_address_address_fias_detailed_level_street_name_street": ["fs_street"],
    "address_location_address_address_fias_detailed_level_street_type_street": ["fs_street_type"],
    "address_location_address_address_fias_level_settlement_city_name_city": ["fs_city"],
    "address_location_address_address_fias_level_settlement_city_type_city": ["fs_city_type"],
    "address_location_address_address_fias_level_settlement_district_name_district": ["fs_district"],
    "address_location_address_address_fias_level_settlement_district_type_district": ["fs_district_type"],
    "address_location_address_address_fias_level_settlement_fias": ["settlement_fias"],
    "address_location_address_address_fias_level_settlement_kladr": ["fs_kladr"],
    "address_location_address_address_fias_level_settlement_locality_name_locality": ["fs_locality"],
    "address_location_address_address_fias_level_settlement_locality_type_locality": ["fs_locality_type"],
    "address_location_address_address_fias_level_settlement_okato": ["fs_okato"],
    "address_location_address_address_fias_level_settlement_oktmo": ["fs_oktmo"],
    "address_location_address_address_fias_level_settlement_postal_code": ["fs_postal_code"],
    "address_location_address_address_fias_level_settlement_region_code": ["fs_region_code"],
    "address_location_address_address_fias_level_settlement_region_value": ["fs_region"],
    "address_location_address_address_fias_level_settlement_soviet_village_name__soviet_village": ["fs_soviet_village"],
    "address_location_address_address_fias_level_settlement_soviet_village_type_soviet_village": ["fs_soviet_village_type"],
    "address_location_address_address_fias_level_settlement_urban_district_name_urban_district": ["fs_urban_district"],
    "address_location_address_address_fias_level_settlement_urban_district_type_urban_district": ["fs_urban_district_type"],
    "address_location_address_note": ["address_note"],
    "address_location_address_readable_address": ["address"],
    "address_location_address_type_code": ["addr_type_code"],
    "address_location_address_type_value": ["addr_type"],
	
    "cost_value": ["cost", "Real"],	
    "object_common_data_type_code": ["type_code"],
    "object_common_data_type_value": ["type"],

    "address_location_location_okato": ["okato"],
    "address_location_location_oktmo": ["oktmo"],
    "address_location_location_position_description": ["description"],
    "address_location_location_region_code": ["region_code"],
    "address_location_location_region_value": ["region"],
    "params_area": ["area", "Real"],
    "params_purpose_code": ["purpose_code"],
    "params_purpose_value": ["purpose"],

    "params_purpose": ["purpose"],
	"params_base_parameters_base_parameter_area": ["area", "Real"],
    "params_base_parameters_base_parameter_built_up_area": ["up_area", "Real"],
    "params_base_parameters_base_parameter_extension": ["extension", "Real"],

    "address_location_locations_location_level_settlement_city_name_city": ["city"],
    "address_location_locations_location_level_settlement_city_type_city": ["city_type"],
    "address_location_locations_location_level_settlement_kladr": ["kladr"],
    "address_location_locations_location_level_settlement_locality_name_locality": ["locality"],
    "address_location_locations_location_level_settlement_locality_type_locality": ["locality_type"],
    "address_location_locations_location_level_settlement_okato": ["okato"],
    "address_location_locations_location_level_settlement_region_code": ["region_code"],
    "address_location_locations_location_level_settlement_region_value": ["region"],
    "params_base_parameters_base_parameter_depth": ["depth", "Real"],
    "params_base_parameters_base_parameter_height": ["height", "Real"],
    "params_base_parameters_base_parameter_volume": ["volume", "Real"],

    "address_location_rel_position_in_boundaries_mark": ["boundaries_mark"],
    "address_location_rel_position_location_description": ["description"],
    "address_location_rel_position_ref_point_name": ["point_name"],
    "cad_links_common_land_common_land_cad_number_cad_number": ["epz_cadnum"],
    "object_subtype_code": ["subtype_code"],
    "object_subtype_value": ["subtype"],
    "params_area_inaccuracy": ["area_inaccuracy", "Real"],
    "params_area_value": ["area", "Integer"],
    "params_category_type_code": ["category_code"],
    "params_category_type_value": ["category"],
    "params_permitted_use_permitted_use_established_by_document": ["permitted_doc"],
    "params_permittes_uses_grad_reg_reg_numb_border": ["numb_border"],

    "b_object_zones_and_territories_b_object_type_boundary_code": ["boundary_code", "Integer"],
    "b_object_zones_and_territories_b_object_type_boundary_value": ["boundary"],

    "b_object_coastline_b_object_type_boundary_code": ["boundary_code", "Integer"],
    "b_object_coastline_b_object_type_boundary_value": ["boundary"],
    "b_object_coastline_water_water_object_name": ["water"],
    "b_object_coastline_water_water_object_type_code": ["water_code"],
    "b_object_coastline_water_water_object_type_value": ["water_type"],

    "object_public_easement_type_boundary_code": ["boundary_code", "Integer"],
    "object_public_easement_type_boundary_value": ["boundary"],
 
    "b_object_municipal_boundary_b_object_type_boundary_code": ["boundary_code", "Integer"],
    "b_object_municipal_boundary_b_object_type_boundary_value": ["boundary"],

    "b_object_inhabited_locality_boundary_b_object_type_boundary_code": ["boundary_code", "Integer"],
    "b_object_inhabited_locality_boundary_b_object_type_boundary_value": ["boundary"],

    "b_object_zones_and_territories_description": ["description"],
    "b_object_zones_and_territories_index": ["territories_index"],
    "b_object_zones_and_territories_name_by_doc": ["name"],
    "b_object_zones_and_territories_number": ["territories_number"],
    "b_object_zones_and_territories_other": ["territories_other"],
    "b_object_zones_and_territories_type_zone_code": ["zone_code"],
    "b_object_zones_and_territories_type_zone_value": ["zone"],

    "content_restrict_encumbrances": ["restrict"],
    "map_plan_information_date_reg": ["map_reg_date", "Date"],
    "map_plan_information_name_archive": ["map_archive"],
    "map_plan_information_number_reg": ["map_reg_num"],
    "object_authority_decision": ["authority_decision"],
    "object_name_by_doc": ["name"],
    "object_number": ["object_number"],
    "object_type_zone_code": ["zone_code"],
    "object_type_zone_value": ["zone"],
    "old_account_number_assignment_date": ["assignment_date", "Date"],
    "old_account_number_number": ["number"],
    "old_account_number_number_type_code": ["numb_type_code"],
    "old_account_number_number_type_value": ["numb_type"],
    "record_info_dates_changes_date_change": ["date_change", "Date"],
    "record_info_registration_date": ["reg_date", "Date"],	
    "reg_numb_border": ["numb_border"],
    "type_boundary_code": ["boundary_code", "Integer"],
    "type_boundary_value": ["boundary"]
}