{
  "files": [
    {
      "name": "Base_layers",
      "excel_file": "_Base_layers.xlsx",
      "json_file": "Base_layers.json",
      "description": "Иерархическая база слоев с многоуровневой структурой",
      "min_row": 2,
      "columns": [
        {"index": 0, "name": "section_num", "type": "string"},
        {"index": 1, "name": "section", "type": "auto"},
        {"index": 2, "name": "group_num", "type": "string_or_null"},
        {"index": 3, "name": "group", "type": "auto"},
        {"index": 4, "name": "layer_num", "type": "string_or_null"},
        {"index": 5, "name": "layer", "type": "auto"},
        {"index": 6, "name": "sublayer_num", "type": "string_or_null_dash"},
        {"index": 7, "name": "sublayer", "type": "auto_or_null_dash"},
        {"index": 8, "name": "description", "type": "auto"},
        {"index": 9, "name": "full_name", "type": "auto"},
        {"index": 10, "name": "order_layers", "type": "auto"},
        {"index": 11, "name": "hidden", "type": "auto"},
        {"index": 12, "name": "creating_function", "type": "auto"},
        {"index": 13, "name": "geometry_type", "type": "auto"},
        {"index": 14, "name": "layer_name_autocad", "type": "auto"},
        {"index": 15, "name": "linetype", "type": "auto"},
        {"index": 16, "name": "line_color_RGB", "type": "auto"},
        {"index": 17, "name": "line_global_weight", "type": "auto"},
        {"index": 18, "name": "line_scale", "type": "auto"},
        {"index": 19, "name": "line_transparency", "type": "auto"},
        {"index": 20, "name": "hatch", "type": "auto"},
        {"index": 21, "name": "hatch_scale", "type": "auto"},
        {"index": 22, "name": "hatch_angle", "type": "auto"},
        {"index": 23, "name": "hatch_color_RGB", "type": "auto"},
        {"index": 24, "name": "hatch_global_lineweight", "type": "auto"},
        {"index": 25, "name": "hatch_transparency", "type": "auto"},
        {"index": 26, "name": "not_print", "type": "auto"},
        {"index": 27, "name": "style_MapInfo", "type": "auto"},
        {"index": 28, "name": "key_key_object", "type": "auto"},
        {"index": 29, "name": "key_object", "type": "auto"},
        {"index": 30, "name": "key_key_xml", "type": "auto"},
        {"index": 31, "name": "topology_check", "type": "auto"}
      ]
    },
    {
      "name": "Base_labels",
      "excel_file": "_Base_labels.xlsx",
      "json_file": "Base_labels.json",
      "description": "База данных настроек подписей для слоёв",
      "min_row": 2,
      "columns": [
        {"index": 0, "name": "full_name", "type": "string"},
        {"index": 1, "name": "label_field", "type": "auto"},
        {"index": 2, "name": "label_font_family", "type": "string"},
        {"index": 3, "name": "label_font_style", "type": "string"},
        {"index": 4, "name": "label_font_size", "type": "float"},
        {"index": 5, "name": "label_font_color_RGB", "type": "string"},
        {"index": 6, "name": "label_buffer_enabled", "type": "bool"},
        {"index": 7, "name": "label_buffer_color_RGB", "type": "string"},
        {"index": 8, "name": "label_buffer_size", "type": "float"},
        {"index": 9, "name": "label_priority", "type": "int"},
        {"index": 10, "name": "label_z_index", "type": "float"},
        {"index": 11, "name": "label_is_obstacle", "type": "bool"},
        {"index": 12, "name": "label_min_scale", "type": "string"},
        {"index": 13, "name": "label_max_scale", "type": "string"},
        {"index": 14, "name": "label_callout_enabled", "type": "bool"},
        {"index": 15, "name": "label_distance_from_feature", "type": "float"},
        {"index": 16, "name": "label_auto_wrap_enabled", "type": "bool"},
        {"index": 17, "name": "label_auto_wrap_length", "type": "int"},
        {"index": 18, "name": "label_position_auto", "type": "bool"}
      ]
    },
    {
      "name": "Other",
      "excel_file": "_Other.xlsx",
      "json_file": "Other.json",
      "description": "Прочие объекты",
      "min_row": 2,
      "columns": [
        {"index": 0, "name": "code", "type": "auto"},
        {"index": 1, "name": "code_code", "type": "auto"},
        {"index": 2, "name": "style", "type": "auto"}
      ]
    },
    {
      "name": "Project_Metadata",
      "excel_file": "_Project_Metadata.xlsx",
      "json_file": "Project_Metadata.json",
      "description": "Метаданные проекта",
      "min_row": 2,
      "columns": [
        {"index": 0, "name": "key", "type": "auto"},
        {"index": 1, "name": "name", "type": "auto"},
        {"index": 2, "name": "status_fields", "type": "auto"},
        {"index": 3, "name": "type", "type": "auto"},
        {"index": 4, "name": "values", "type": "string"},
        {"index": 5, "name": "description", "type": "auto"}
      ]
    },
    {
      "name": "Public_easement",
      "excel_file": "_Public_easement.xlsx",
      "json_file": "Public_easement.json",
      "description": "Публичные сервитуты",
      "min_row": 2,
      "columns": [
        {"index": 0, "name": "code", "type": "auto"},
        {"index": 1, "name": "name", "type": "auto"}
      ]
    },
    {
      "name": "VRI",
      "excel_file": "_VRI.xlsx",
      "json_file": "VRI.json",
      "description": "Виды разрешенного использования",
      "min_row": 2,
      "columns": [
        {"index": 0, "name": "code", "type": "string"},
        {"index": 1, "name": "name", "type": "auto"},
        {"index": 2, "name": "full_name", "type": "auto"},
        {"index": 3, "name": "is_public_territory", "type": "bool"}
      ]
    },
    {
      "name": "Work_types",
      "excel_file": "_Work_types.xlsx",
      "json_file": "Work_types.json",
      "description": "Типы работ",
      "min_row": 2,
      "columns": [
        {"index": 0, "name": "vedomost_value", "type": "string"},
        {"index": 1, "name": "code", "type": "auto"},
        {"index": 2, "name": "code_code", "type": "auto"},
        {"index": 3, "name": "style", "type": "auto"},
        {"index": 4, "name": "code_code_xml", "type": "auto"}
      ]
    },
    {
      "name": "Base_Functions",
      "excel_file": "_Base_functions.xlsx",
      "json_file": "Base_Functions.json",
      "description": "База функций плагина с информацией для автоматической регистрации",
      "min_row": 2,
      "columns": [
        {"index": 0, "name": "section_num", "type": "string"},
        {"index": 1, "name": "section", "type": "string"},
        {"index": 2, "name": "function_num", "type": "string"},
        {"index": 3, "name": "function_name", "type": "string"},
        {"index": 4, "name": "description", "type": "string"},
        {"index": 5, "name": "tool_id", "type": "string"},
        {"index": 6, "name": "full_name", "type": "string"},
        {"index": 7, "name": "module_path", "type": "string_or_null"},
        {"index": 8, "name": "class_name", "type": "string_or_null"},
        {"index": 9, "name": "enabled", "type": "bool"}
      ]
    },
    {
      "name": "Base_selection_ZU",
      "excel_file": "_Base_selection_ZU.xlsx",
      "json_file": "Base_selection_ZU.json",
      "description": "База данных выборки земельных участков",
      "min_row": 2,
      "columns": [
        {"index": 0, "name": "working_name", "type": "auto"},
        {"index": 1, "name": "full_name", "type": "auto"},
        {"index": 2, "name": "wfs_zu_field", "type": "string"},
        {"index": 3, "name": "mapinfo_format", "type": "auto"}
      ]
    },
    {
      "name": "Base_selection_OKS",
      "excel_file": "_Base_selection_OKS.xlsx",
      "json_file": "Base_selection_OKS.json",
      "description": "База данных выборки ОКС",
      "min_row": 2,
      "columns": [
        {"index": 0, "name": "working_name", "type": "auto"},
        {"index": 1, "name": "full_name", "type": "auto"},
        {"index": 2, "name": "wfs_oks_field", "type": "string"},
        {"index": 3, "name": "mapinfo_format", "type": "auto"}
      ]
    },
    {
      "name": "Base_cutting",
      "excel_file": "_Base_cutting.xlsx",
      "json_file": "Base_cutting.json",
      "description": "База данных нарезки участков",
      "min_row": 2,
      "columns": [
        {"index": 0, "name": "working_name", "type": "auto"},
        {"index": 1, "name": "full_name", "type": "auto"},
        {"index": 2, "name": "mapinfo_format", "type": "auto"},
        {"index": 3, "name": "field_description", "type": "auto"}
      ]
    },
    {
      "name": "Base_excel_export_styles",
      "excel_file": "_Base_excel_export_styles.xlsx",
      "json_file": "Base_excel_export_styles.json",
      "description": "Стили экспорта в Excel",
      "min_row": 2,
      "columns": [
        {"index": 0, "name": "style_name", "type": "auto"},
        {"index": 1, "name": "font_name", "type": "auto"},
        {"index": 2, "name": "font_size", "type": "auto"},
        {"index": 3, "name": "bold", "type": "auto"},
        {"index": 4, "name": "italic", "type": "auto"}
      ]
    },
    {
      "name": "Base_employee",
      "excel_file": "_Base_employee.xlsx",
      "json_file": "Base_employee.json",
      "description": "База данных сотрудников",
      "min_row": 2,
      "columns": [
        {"index": 0, "name": "last_name", "type": "auto"},
        {"index": 1, "name": "first_name", "type": "auto"},
        {"index": 2, "name": "middle_name", "type": "auto"},
        {"index": 3, "name": "email", "type": "auto"},
        {"index": 4, "name": "position", "type": "auto"},
        {"index": 5, "name": "role_developed", "type": "auto"},
        {"index": 6, "name": "role_verified", "type": "auto"},
        {"index": 7, "name": "role_technical_director", "type": "auto"},
        {"index": 8, "name": "role_general_director", "type": "auto"}
      ]
    },
    {
      "name": "Base_drawings",
      "excel_file": "_Base_drawings.xlsx",
      "json_file": "Base_drawings.json",
      "description": "База данных чертежей проекта",
      "min_row": 2,
      "columns": [
        {"index": 0, "name": "volume_number", "type": "auto_or_null_dash"},
        {"index": 1, "name": "department", "type": "auto_or_null_dash"},
        {"index": 2, "name": "section_title", "type": "auto_or_null_dash"},
        {"index": 3, "name": "section", "type": "auto_or_null_dash"}
      ]
    },
    {
      "name": "Base_drawings_background",
      "excel_file": "_Base_drawings_background.xlsx",
      "json_file": "Base_drawings_background.json",
      "description": "База данных подложек для экспорта в DXF",
      "min_row": 2,
      "skip_dash_in_first_column": true,
      "columns": [
        {"index": 0, "name": "name", "type": "string"},
        {"index": 1, "name": "layers", "type": "list_semicolon"}
      ]
    },
    {
      "name": "Base_expressions",
      "excel_file": "_Base_expressions.xlsx",
      "json_file": "Base_expressions.json",
      "description": "База QGIS выражений (фильтры, подписи, стили)",
      "min_row": 2,
      "output_format": "dict",
      "key_column": 0,
      "value_column": 1,
      "columns": [
        {"index": 0, "name": "expression_id", "type": "string"},
        {"index": 1, "name": "expression", "type": "string"}
      ]
    },
    {
      "name": "Base_managers",
      "excel_file": "_Base_managers.xlsx",
      "json_file": "Base_managers.json",
      "description": "База данных основных менеджеров плагина",
      "min_row": 2,
      "columns": [
        {"index": 0, "name": "manager_id", "type": "string"},
        {"index": 1, "name": "type", "type": "string"},
        {"index": 2, "name": "class_name", "type": "string"},
        {"index": 3, "name": "description", "type": "auto"},
        {"index": 4, "name": "file_extension", "type": "string"},
        {"index": 5, "name": "final_filename", "type": "string"}
      ]
    },
    {
      "name": "Base_sub_managers",
      "excel_file": "_Base_sub_managers.xlsx",
      "json_file": "Base_sub_managers.json",
      "description": "База данных субменеджеров (Msm_X_Y)",
      "min_row": 2,
      "columns": [
        {"index": 0, "name": "parent_manager", "type": "string"},
        {"index": 1, "name": "submanager_id", "type": "string"},
        {"index": 2, "name": "type", "type": "string"},
        {"index": 3, "name": "class_name", "type": "string"},
        {"index": 4, "name": "description", "type": "auto"},
        {"index": 5, "name": "file_extension", "type": "string"},
        {"index": 6, "name": "final_filename", "type": "string"}
      ]
    },
    {
      "name": "Base_api_endpoints",
      "excel_file": "_Base_api_endpoints.xlsx",
      "json_file": "Base_api_endpoints.json",
      "description": "База данных API endpoints для загрузки слоёв",
      "min_row": 2,
      "columns": [
        {"index": 0, "name": "endpoint_id", "type": "int"},
        {"index": 1, "name": "api_group", "type": "string"},
        {"index": 2, "name": "api_type", "type": "string"},
        {"index": 3, "name": "layer_name", "type": "string"},
        {"index": 4, "name": "category_id", "type": "auto"},
        {"index": 5, "name": "category_name", "type": "auto"},
        {"index": 6, "name": "base_url", "type": "string"},
        {"index": 7, "name": "url_template", "type": "string"},
        {"index": 8, "name": "geometry_type", "type": "string"},
        {"index": 9, "name": "Layer_selector", "type": "auto"},
        {"index": 10, "name": "split_threshold_km2", "type": "auto"},
        {"index": 11, "name": "method", "type": "string"},
        {"index": 12, "name": "response_format", "type": "string"},
        {"index": 13, "name": "referer_url", "type": "auto"},
        {"index": 14, "name": "fallback_group", "type": "auto"},
        {"index": 15, "name": "timeout_sec", "type": "auto"},
        {"index": 16, "name": "max_retries", "type": "auto"},
        {"index": 17, "name": "max_workers", "type": "auto"},
        {"index": 18, "name": "description", "type": "auto"}
      ]
    },
    {
      "name": "Base_field_mapping_EGRN",
      "excel_file": "_Base_field_mapping_EGRN.xlsx",
      "json_file": "Base_field_mapping_EGRN.json",
      "description": "База данных маппинга полей выписок ЕГРН (XML XPath → рабочие поля)",
      "min_row": 2,
      "columns": [
        {"index": 1, "name": "working_name", "type": "string"},
        {"index": 2, "name": "full_name", "type": "auto"},
        {"index": 3, "name": "record_types", "type": "string"},
        {"index": 4, "name": "xml_level", "type": "auto"},
        {"index": 5, "name": "xml_xpath", "type": "string"},
        {"index": 6, "name": "data_type", "type": "string"},
        {"index": 7, "name": "conversion", "type": "string"},
        {"index": 8, "name": "xml_xpath_root", "type": "string"},
        {"index": 9, "name": "notes", "type": "auto"}
      ]
    },
    {
      "name": "Base_zouit_classification",
      "excel_file": "_Base_zouit_classification.xlsx",
      "json_file": "Base_zouit_classification.json",
      "description": "База данных правил классификации ЗОУИТ (автоматическое распределение по слоям)",
      "min_row": 2,
      "columns": [
        {"index": 0, "name": "rule_id", "type": "int"},
        {"index": 1, "name": "target_layer", "type": "string"},
        {"index": 2, "name": "search_field", "type": "string"},
        {"index": 3, "name": "keywords", "type": "string"}
      ]
    },
    {
      "name": "Base_CRS",
      "excel_file": "_Base_CRS.xlsx",
      "json_file": "Base_CRS.json",
      "description": "База данных проекций МСК России",
      "min_row": 2,
      "columns": [
        {"index": 0, "name": "full_name", "type": "string"},
        {"index": 1, "name": "proj4", "type": "string"},
        {"index": 2, "name": "ogc_wkt", "type": "string"},
        {"index": 3, "name": "ogc_wkt2", "type": "string"},
        {"index": 4, "name": "mapinfo", "type": "string"},
        {"index": 5, "name": "filter_region", "type": "string"},
        {"index": 6, "name": "filter_type", "type": "string"},
        {"index": 7, "name": "code_region", "type": "string"},
        {"index": 8, "name": "code_region_district", "type": "string"}
      ]
    },
    {
      "name": "Base_legal_abbreviations",
      "excel_file": "_Base_legal_abbreviations.xlsx",
      "json_file": "Base_legal_abbreviations.json",
      "description": "База данных сокращений организационно-правовых форм юридических лиц",
      "min_row": 2,
      "columns": [
        {"index": 0, "name": "full_form", "type": "string"},
        {"index": 1, "name": "abbreviation", "type": "string"},
        {"index": 2, "name": "case_sensitive", "type": "bool"}
      ]
    },
    {
      "name": "Base_documents",
      "excel_file": "_Base_documents.xlsx",
      "json_file": "Base_documents.json",
      "description": "База данных перечней и ведомостей проекта",
      "min_row": 2,
      "columns": [
        {"index": 0, "name": "document_id", "type": "string"},
        {"index": 1, "name": "document_name", "type": "string"},
        {"index": 2, "name": "document_type", "type": "string"},
        {"index": 3, "name": "base_reference", "type": "string_or_null"},
        {"index": 4, "name": "source_layers", "type": "list_semicolon"},
        {"index": 5, "name": "description", "type": "auto"}
      ]
    },
    {
      "name": "Base_licenses",
      "excel_file": "_Base_licenses.xlsm",
      "json_file": "Base_licenses.json",
      "description": "База данных лицензий для ручного администрирования",
      "min_row": 2,
      "columns": [
        {"index": 0, "name": "api_key", "type": "string_or_null_dash"},
        {"index": 1, "name": "user_name", "type": "string"},
        {"index": 2, "name": "user_email", "type": "string"},
        {"index": 3, "name": "subscription_type", "type": "string"},
        {"index": 4, "name": "starts_at", "type": "string"},
        {"index": 5, "name": "expires_at", "type": "string_or_null_dash"},
        {"index": 6, "name": "notes", "type": "string_or_null"}
      ]
    }
  ]
}
