[
  {
    "manager_id": "1",
    "type": "Core",
    "class_name": "ProjectManager",
    "description": "Управление проектами QGIS",
    "file_extension": "project_manager.py",
    "final_filename": "M_1_project_manager.py"
  },
  {
    "manager_id": "2",
    "type": "Core",
    "class_name": "LayerManager",
    "description": "Управление слоями",
    "file_extension": "layer_manager.py",
    "final_filename": "M_2_layer_manager.py"
  },
  {
    "manager_id": "3",
    "type": "Core",
    "class_name": "VersionManager",
    "description": "Управление версиями плагина",
    "file_extension": "version_manager.py",
    "final_filename": "M_3_version_manager.py"
  },
  {
    "manager_id": "4",
    "type": "Reference",
    "class_name": "ReferenceManagers",
    "description": "Контейнер справочников (NamedTuple)",
    "file_extension": "reference_manager.py",
    "final_filename": "M_4_reference_manager.py"
  },
  {
    "manager_id": "5",
    "type": "Style",
    "class_name": "StyleManager",
    "description": "Применение AutoCAD стилей к QGIS",
    "file_extension": "style_manager.py",
    "final_filename": "M_5_style_manager.py"
  },
  {
    "manager_id": "6",
    "type": "Utility",
    "class_name": "CoordinatePrecisionManager",
    "description": "Округление координат до 0.01м",
    "file_extension": "coordinate_precision.py",
    "final_filename": "M_6_coordinate_precision.py"
  },
  {
    "manager_id": "7",
    "type": "Utility",
    "class_name": "ExpressionManager",
    "description": "Управление QGIS выражениями",
    "file_extension": "expression_manager.py",
    "final_filename": "M_7_expression_manager.py"
  },
  {
    "manager_id": "8",
    "type": "Utility",
    "class_name": "LayerReplacementManager",
    "description": "Замена слоёв в проекте",
    "file_extension": "layer_replacement_manager.py",
    "final_filename": "M_8_layer_replacement_manager.py"
  },
  {
    "manager_id": "10",
    "type": "Utility",
    "class_name": "LayerCleanupManager",
    "description": "Очистка слоёв согласно Base_layers.json",
    "file_extension": "layer_cleanup_manager.py",
    "final_filename": "M_10_layer_cleanup_manager.py"
  },
  {
    "manager_id": "12",
    "type": "Labels",
    "class_name": "LabelManager",
    "description": "Применение подписей из Base_labels.json",
    "file_extension": "label_manager.py",
    "final_filename": "M_12_label_manager.py"
  },
  {
    "manager_id": "13",
    "type": "Data",
    "class_name": "DataCleanupManager",
    "description": "Очистка, санитизация и валидация данных (включает FieldCleanup, StringSanitizer, AttributeProcessor, DataValidator, AttributeMapper)",
    "file_extension": "data_cleanup_manager.py",
    "final_filename": "M_13_data_cleanup_manager.py"
  },
  {
    "manager_id": "14",
    "type": "API",
    "class_name": "APIManager",
    "description": "Менеджер API endpoints для загрузки слоёв",
    "file_extension": "api_manager.py",
    "final_filename": "M_14_api_manager.py"
  },
  {
    "manager_id": "15",
    "type": "Utility",
    "class_name": "FeatureSortManager",
    "description": "Сортировка объектов по КН",
    "file_extension": "feature_sort_manager.py",
    "final_filename": "M_15_feature_sort_manager.py"
  },
  {
    "manager_id": "16",
    "type": "Utility",
    "class_name": "CadnumSearchManager",
    "description": "Поиск объектов по кадастровому номеру (ПКМ контекстное меню)",
    "file_extension": "cadnum_search_manager.py",
    "final_filename": "M_16_cadnum_search_manager.py"
  },
  {
    "manager_id": "17",
    "type": "Async",
    "class_name": "AsyncTaskManager",
    "description": "Асинхронные фоновые задачи через QgsTask (не блокирует UI)",
    "file_extension": "async_task_manager.py",
    "final_filename": "M_17_async_task_manager.py"
  },
  {
    "manager_id": "18",
    "type": "Utility",
    "class_name": "ExtentManager",
    "description": "Управление экстентами карт в макетах. Вычисление по крайним точкам, адаптивный padding, применение к QgsLayoutItemMap",
    "file_extension": "extent_manager.py",
    "final_filename": "M_18_extent_manager.py"
  },
  {
    "manager_id": "19",
    "type": "Core",
    "class_name": "ProjectStructureManager",
    "description": "Координатор структуры папок проекта. Единственный источник истины для создания папок (.project/, Рабочая версия/, Документы/, Подложки/, Графика/, Выпуски/)",
    "file_extension": "project_structure_manager.py",
    "final_filename": "M_19_project_structure_manager.py"
  },
  {
    "manager_id": "20",
    "type": "Utility",
    "class_name": "PointNumberingManager",
    "description": "Формирует уникальную нумерацию характерных точек для полигональных слоёв. Каждый слой нумеруется с 1 (режим PER_LAYER)",
    "file_extension": "point_numbering_manager.py",
    "final_filename": "M_20_point_numbering_manager.py"
  },
  {
    "manager_id": "21",
    "type": null,
    "class_name": "VRIAssignmentManager",
    "description": null,
    "file_extension": "vri_assignment_manager.py",
    "final_filename": "M_21_vri_assignment_manager.py"
  },
  {
    "manager_id": "22",
    "type": null,
    "class_name": "WorkTypeAssignmentManager",
    "description": null,
    "file_extension": "work_type_assignment_manager.py",
    "final_filename": "M_22_work_type_assignment_manager.py"
  }
]