[
  {
    "full_form": "Общество с ограниченной ответственностью",
    "abbreviation": "ООО",
    "case_sensitive": null
  },
  {
    "full_form": "Акционерное общество",
    "abbreviation": "АО",
    "case_sensitive": null
  },
  {
    "full_form": "Публичное акционерное общество",
    "abbreviation": "ПАО",
    "case_sensitive": null
  },
  {
    "full_form": "Непубличное акционерное общество",
    "abbreviation": "НАО",
    "case_sensitive": null
  },
  {
    "full_form": "Закрытое акционерное общество",
    "abbreviation": "ЗАО",
    "case_sensitive": null
  },
  {
    "full_form": "Открытое акционерное общество",
    "abbreviation": "ОАО",
    "case_sensitive": null
  },
  {
    "full_form": "Индивидуальный предприниматель",
    "abbreviation": "ИП",
    "case_sensitive": null
  },
  {
    "full_form": "Товарищество собственников жилья",
    "abbreviation": "ТСЖ",
    "case_sensitive": null
  },
  {
    "full_form": "Товарищество собственников недвижимости",
    "abbreviation": "ТСН",
    "case_sensitive": null
  },
  {
    "full_form": "Государственное унитарное предприятие",
    "abbreviation": "ГУП",
    "case_sensitive": null
  },
  {
    "full_form": "Муниципальное унитарное предприятие",
    "abbreviation": "МУП",
    "case_sensitive": null
  },
  {
    "full_form": "Федеральное государственное унитарное предприятие",
    "abbreviation": "ФГУП",
    "case_sensitive": null
  },
  {
    "full_form": "Федеральное государственное бюджетное учреждение",
    "abbreviation": "ФГБУ",
    "case_sensitive": null
  },
  {
    "full_form": "Производственный кооператив",
    "abbreviation": "ПК",
    "case_sensitive": null
  },
  {
    "full_form": "Садоводческое некоммерческое товарищество",
    "abbreviation": "СНТ",
    "case_sensitive": null
  },
  {
    "full_form": "Дачное некоммерческое партнерство",
    "abbreviation": "ДНП",
    "case_sensitive": null
  },
  {
    "full_form": "Некоммерческая организация",
    "abbreviation": "НКО",
    "case_sensitive": null
  },
  {
    "full_form": "Автономная некоммерческая организация",
    "abbreviation": "АНО",
    "case_sensitive": null
  }
]