[
  {
    "endpoint_id": 1,
    "api_group": "EGRN_WFS",
    "api_type": "vector",
    "layer_name": "L_1_2_1_WFS_ЗУ",
    "category_id": 36368,
    "category_name": "Земельные участки",
    "base_url": "https://nspd.gov.ru/api/geoportal/v1/intersects?typeIntersect=fullObject",
    "url_template": "{base_url}",
    "geometry_type": "polygon",
    "Layer_selector": "L_1_1_2_Границы_работ_10_м",
    "split_threshold_km2": 5,
    "method": "POST",
    "response_format": "json",
    "referer_url": "https://nspd.gov.ru/map",
    "fallback_group": null,
    "timeout_sec": "1;5;10;30;60",
    "max_retries": 5,
    "max_workers": 5,
    "description": "Земельные участки из ЕГРН с полными атрибутами"
  },
  {
    "endpoint_id": 2,
    "api_group": "EGRN_WFS",
    "api_type": "vector",
    "layer_name": "L_1_2_2_WFS_КК",
    "category_id": 36381,
    "category_name": "Кадастровые кварталы",
    "base_url": "https://nspd.gov.ru/api/geoportal/v1/intersects?typeIntersect=fullObject",
    "url_template": "{base_url}",
    "geometry_type": "polygon",
    "Layer_selector": "L_1_1_2_Границы_работ_10_м",
    "split_threshold_km2": "null",
    "method": "POST",
    "response_format": "json",
    "referer_url": "https://nspd.gov.ru/map",
    "fallback_group": null,
    "timeout_sec": "1;5;10;30;61",
    "max_retries": 5,
    "max_workers": 5,
    "description": "Кадастровые кварталы из ЕГРН"
  },
  {
    "endpoint_id": 3,
    "api_group": "EGRN_WFS",
    "api_type": "vector",
    "layer_name": "L_1_2_4_WFS_ОКС_Здания",
    "category_id": 36369,
    "category_name": "Здания",
    "base_url": "https://nspd.gov.ru/api/geoportal/v1/intersects?typeIntersect=fullObject",
    "url_template": "{base_url}",
    "geometry_type": "polygon",
    "Layer_selector": "L_1_1_2_Границы_работ_10_м",
    "split_threshold_km2": 5,
    "method": "POST",
    "response_format": "json",
    "referer_url": "https://nspd.gov.ru/map",
    "fallback_group": null,
    "timeout_sec": "1;5;10;30;62",
    "max_retries": 5,
    "max_workers": 5,
    "description": "Объекты капитального строительства - Здания"
  },
  {
    "endpoint_id": 4,
    "api_group": "EGRN_WFS",
    "api_type": "vector",
    "layer_name": "L_1_2_4_WFS_ОКС_Сооружения",
    "category_id": 36383,
    "category_name": "Сооружения",
    "base_url": "https://nspd.gov.ru/api/geoportal/v1/intersects?typeIntersect=fullObject",
    "url_template": "{base_url}",
    "geometry_type": "polygon",
    "Layer_selector": "L_1_1_2_Границы_работ_10_м",
    "split_threshold_km2": 5,
    "method": "POST",
    "response_format": "json",
    "referer_url": "https://nspd.gov.ru/map",
    "fallback_group": null,
    "timeout_sec": "1;5;10;30;63",
    "max_retries": 5,
    "max_workers": 5,
    "description": "Объекты капитального строительства - Сооружения"
  },
  {
    "endpoint_id": 5,
    "api_group": "EGRN_WFS",
    "api_type": "vector",
    "layer_name": "L_1_2_4_WFS_ОКС_ОНС",
    "category_id": 36384,
    "category_name": "Объекты незавершенного строительства",
    "base_url": "https://nspd.gov.ru/api/geoportal/v1/intersects?typeIntersect=fullObject",
    "url_template": "{base_url}",
    "geometry_type": "polygon",
    "Layer_selector": "L_1_1_2_Границы_работ_10_м",
    "split_threshold_km2": 5,
    "method": "POST",
    "response_format": "json",
    "referer_url": "https://nspd.gov.ru/map",
    "fallback_group": null,
    "timeout_sec": "1;5;10;30;64",
    "max_retries": 5,
    "max_workers": 5,
    "description": "Незавершенное строительство"
  },
  {
    "endpoint_id": 6,
    "api_group": "EGRN_WFS",
    "api_type": "vector",
    "layer_name": "Le_1_2_3_16_АТД_РФ",
    "category_id": 38998,
    "category_name": "Государственная граница РФ",
    "base_url": "https://nspd.gov.ru/api/geoportal/v1/intersects?typeIntersect=fullObject",
    "url_template": "{base_url}",
    "geometry_type": "line",
    "Layer_selector": "L_1_1_3_Границы_работ_500_м",
    "split_threshold_km2": "null",
    "method": "POST",
    "response_format": "json",
    "referer_url": "https://nspd.gov.ru/map",
    "fallback_group": null,
    "timeout_sec": "1;5;10;30;65",
    "max_retries": 5,
    "max_workers": 5,
    "description": "Государственная граница Российской Федерации"
  },
  {
    "endpoint_id": 7,
    "api_group": "EGRN_WFS",
    "api_type": "vector",
    "layer_name": "Le_1_2_3_13_АТД_Суб_РФ_line",
    "category_id": 38999,
    "category_name": "Субъекты РФ линия",
    "base_url": "https://nspd.gov.ru/api/geoportal/v1/intersects?typeIntersect=fullObject",
    "url_template": "{base_url}",
    "geometry_type": "line",
    "Layer_selector": "L_1_1_3_Границы_работ_500_м",
    "split_threshold_km2": "null",
    "method": "POST",
    "response_format": "json",
    "referer_url": "https://nspd.gov.ru/map",
    "fallback_group": null,
    "timeout_sec": "1;5;10;30;66",
    "max_retries": 5,
    "max_workers": 5,
    "description": "Границы субъектов РФ - линейные объекты"
  },
  {
    "endpoint_id": 8,
    "api_group": "EGRN_WFS",
    "api_type": "vector",
    "layer_name": "Le_1_2_3_14_АТД_Суб_РФ_poly",
    "category_id": 39000,
    "category_name": "Субъекты РФ полигон",
    "base_url": "https://nspd.gov.ru/api/geoportal/v1/intersects?typeIntersect=fullObject",
    "url_template": "{base_url}",
    "geometry_type": "polygon",
    "Layer_selector": "L_1_1_3_Границы_работ_500_м",
    "split_threshold_km2": "null",
    "method": "POST",
    "response_format": "json",
    "referer_url": "https://nspd.gov.ru/map",
    "fallback_group": null,
    "timeout_sec": "1;5;10;30;67",
    "max_retries": 5,
    "max_workers": 5,
    "description": "Границы субъектов РФ - полигональные объекты"
  },
  {
    "endpoint_id": 9,
    "api_group": "EGRN_WFS",
    "api_type": "vector",
    "layer_name": "Le_1_2_3_4_АТД_НП_line",
    "category_id": 38996,
    "category_name": "Населённые пункты линия",
    "base_url": "https://nspd.gov.ru/api/geoportal/v1/intersects?typeIntersect=fullObject",
    "url_template": "{base_url}",
    "geometry_type": "line",
    "Layer_selector": "L_1_1_3_Границы_работ_500_м",
    "split_threshold_km2": "null",
    "method": "POST",
    "response_format": "json",
    "referer_url": "https://nspd.gov.ru/map",
    "fallback_group": null,
    "timeout_sec": "1;5;10;30;68",
    "max_retries": 5,
    "max_workers": 5,
    "description": "Границы населённых пунктов - линейные объекты"
  },
  {
    "endpoint_id": 10,
    "api_group": "EGRN_WFS",
    "api_type": "vector",
    "layer_name": "Le_1_2_3_5_АТД_НП_poly",
    "category_id": 36832,
    "category_name": "Населённые пункты полигон",
    "base_url": "https://nspd.gov.ru/api/geoportal/v1/intersects?typeIntersect=fullObject",
    "url_template": "{base_url}",
    "geometry_type": "polygon",
    "Layer_selector": "L_1_1_3_Границы_работ_500_м",
    "split_threshold_km2": "null",
    "method": "POST",
    "response_format": "json",
    "referer_url": "https://nspd.gov.ru/map",
    "fallback_group": null,
    "timeout_sec": "1;5;10;30;69",
    "max_retries": 5,
    "max_workers": 5,
    "description": "Границы населённых пунктов - полигональные объекты"
  },
  {
    "endpoint_id": 11,
    "api_group": "EGRN_WFS",
    "api_type": "vector",
    "layer_name": "Le_1_2_3_11_АТД_МО_line",
    "category_id": 36830,
    "category_name": "Муниципальные образования линия",
    "base_url": "https://nspd.gov.ru/api/geoportal/v1/intersects?typeIntersect=fullObject",
    "url_template": "{base_url}",
    "geometry_type": "line",
    "Layer_selector": "L_1_1_3_Границы_работ_500_м",
    "split_threshold_km2": "null",
    "method": "POST",
    "response_format": "json",
    "referer_url": "https://nspd.gov.ru/map",
    "fallback_group": null,
    "timeout_sec": "1;5;10;30;70",
    "max_retries": 5,
    "max_workers": 5,
    "description": "Границы муниципальных образований - линии"
  },
  {
    "endpoint_id": 12,
    "api_group": "EGRN_WFS",
    "api_type": "vector",
    "layer_name": "Le_1_2_3_12_АТД_МО_poly",
    "category_id": 36829,
    "category_name": "Муниципальные образования полигон",
    "base_url": "https://nspd.gov.ru/api/geoportal/v1/intersects?typeIntersect=fullObject",
    "url_template": "{base_url}",
    "geometry_type": "polygon",
    "Layer_selector": "L_1_1_3_Границы_работ_500_м",
    "split_threshold_km2": "null",
    "method": "POST",
    "response_format": "json",
    "referer_url": "https://nspd.gov.ru/map",
    "fallback_group": null,
    "timeout_sec": "1;5;10;30;71",
    "max_retries": 5,
    "max_workers": 5,
    "description": "Границы муниципальных образований - полигоны"
  },
  {
    "endpoint_id": 13,
    "api_group": "EGRN_WFS",
    "api_type": "vector",
    "layer_name": "WFS_ЗОУИТ_UNIVERSAL",
    "category_id": 36940,
    "category_name": "ЗОУИТ основной",
    "base_url": "https://nspd.gov.ru/api/geoportal/v1/intersects?typeIntersect=fullObject",
    "url_template": "{base_url}",
    "geometry_type": "polygon",
    "Layer_selector": "L_1_1_3_Границы_работ_500_м",
    "split_threshold_km2": "null",
    "method": "POST",
    "response_format": "json",
    "referer_url": "https://nspd.gov.ru/map",
    "fallback_group": null,
    "timeout_sec": "1;5;10;30;72",
    "max_retries": 5,
    "max_workers": 5,
    "description": "Зоны с особыми условиями использования территории"
  },
  {
    "endpoint_id": 14,
    "api_group": "EGRN_WFS",
    "api_type": "vector",
    "layer_name": "Le_1_2_5_21_WFS_ЗОУИТ_ОЗ_ООПТ",
    "category_id": 36948,
    "category_name": "Охранная зона особо охраняемых природных территорий",
    "base_url": "https://nspd.gov.ru/api/geoportal/v1/intersects?typeIntersect=fullObject",
    "url_template": "{base_url}",
    "geometry_type": "polygon",
    "Layer_selector": "L_1_1_3_Границы_работ_500_м",
    "split_threshold_km2": "null",
    "method": "POST",
    "response_format": "json",
    "referer_url": "https://nspd.gov.ru/map",
    "fallback_group": null,
    "timeout_sec": "1;5;10;30;73",
    "max_retries": 5,
    "max_workers": 5,
    "description": "Охранная зона особо охраняемых природных территорий"
  },
  {
    "endpoint_id": 15,
    "api_group": "EGRN_WFS",
    "api_type": "vector",
    "layer_name": "Le_1_2_6_1_WFS_Зоны_эконом",
    "category_id": 36941,
    "category_name": "Особые экономические зоны",
    "base_url": "https://nspd.gov.ru/api/geoportal/v1/intersects?typeIntersect=fullObject",
    "url_template": "{base_url}",
    "geometry_type": "polygon",
    "Layer_selector": "L_1_1_2_Границы_работ_10_м",
    "split_threshold_km2": "null",
    "method": "POST",
    "response_format": "json",
    "referer_url": "https://nspd.gov.ru/map",
    "fallback_group": null,
    "timeout_sec": "1;5;10;30;74",
    "max_retries": 5,
    "max_workers": 5,
    "description": "Особые экономические зоны РФ"
  },
  {
    "endpoint_id": 16,
    "api_group": "EGRN_WFS",
    "api_type": "vector",
    "layer_name": "Le_1_7_1_1_ЕГРН_Лесничество",
    "category_id": 36945,
    "category_name": "Лесничества",
    "base_url": "https://nspd.gov.ru/api/geoportal/v1/intersects?typeIntersect=fullObject",
    "url_template": "{base_url}",
    "geometry_type": "polygon",
    "Layer_selector": "L_1_1_2_Границы_работ_10_м",
    "split_threshold_km2": "null",
    "method": "POST",
    "response_format": "json",
    "referer_url": "https://nspd.gov.ru/map",
    "fallback_group": null,
    "timeout_sec": "1;5;10;30;75",
    "max_retries": 5,
    "max_workers": 5,
    "description": "Границы лесничеств из ЕГРН"
  },
  {
    "endpoint_id": 17,
    "api_group": "EGRN_WMTS",
    "api_type": "raster",
    "layer_name": "L_1_3_2_Справочный_слой",
    "category_id": 235,
    "category_name": "ЦОС Справочный",
    "base_url": "https://nspd.gov.ru/api/aeggis/v2/235/wmts",
    "url_template": "{base_url}/{z}/{x}/{y}.png",
    "geometry_type": "raster",
    "Layer_selector": "L_1_1_2_Границы_работ_10_м",
    "split_threshold_km2": "null",
    "method": "GET",
    "response_format": "png",
    "referer_url": "https://nspd.gov.ru/map",
    "fallback_group": null,
    "timeout_sec": "1;5;10;30;76",
    "max_retries": 5,
    "max_workers": 5,
    "description": "Цифровая объектовая схема НСПД"
  },
  {
    "endpoint_id": 18,
    "api_group": "EGRN_WMTS",
    "api_type": "raster",
    "layer_name": "L_1_3_3_ЦОС",
    "category_id": 849241,
    "category_name": "ЦОС основной",
    "base_url": "https://nspd.gov.ru/api/aeggis/v2/849241/wmts",
    "url_template": "{base_url}/{z}/{x}/{y}.png",
    "geometry_type": "raster",
    "Layer_selector": "L_1_1_2_Границы_работ_10_м",
    "split_threshold_km2": "null",
    "method": "GET",
    "response_format": "png",
    "referer_url": "https://nspd.gov.ru/map",
    "fallback_group": null,
    "timeout_sec": "1;5;10;30;77",
    "max_retries": 5,
    "max_workers": 5,
    "description": "Цифровая общегеографическая схема"
  },
  {
    "endpoint_id": 19,
    "api_group": "OVERPASS",
    "api_type": "vector",
    "layer_name": "L_1_4_1_OSM_Дороги",
    "category_id": "highway",
    "category_name": "OSM Дороги",
    "base_url": "https://maps.mail.ru/osm/tools/overpass/api/",
    "url_template": "{base_url}/interpreter",
    "geometry_type": "line",
    "Layer_selector": "L_1_1_2_Границы_работ_10_м",
    "split_threshold_km2": "null",
    "method": "POST",
    "response_format": "json",
    "referer_url": null,
    "fallback_group": "overpass_group",
    "timeout_sec": "1;5;10;30;78",
    "max_retries": 5,
    "max_workers": 5,
    "description": "OSM, дороги, транспорт, highway"
  },
  {
    "endpoint_id": 20,
    "api_group": "OVERPASS",
    "api_type": "vector",
    "layer_name": "L_1_4_2_OSM_ЖД",
    "category_id": "railway",
    "category_name": "OSM Железные дороги",
    "base_url": "https://maps.mail.ru/osm/tools/overpass/api/",
    "url_template": "{base_url}/interpreter",
    "geometry_type": "line",
    "Layer_selector": "L_1_1_2_Границы_работ_10_м",
    "split_threshold_km2": "null",
    "method": "POST",
    "response_format": "json",
    "referer_url": null,
    "fallback_group": "overpass_group",
    "timeout_sec": "1;5;10;30;79",
    "max_retries": 5,
    "max_workers": 5,
    "description": "OSM, железные дороги, транспорт, railway"
  },
  {
    "endpoint_id": 21,
    "api_group": "OVERPASS_FALLBACK",
    "api_type": "vector",
    "layer_name": null,
    "category_id": "highway",
    "category_name": "OSM Fallback DE",
    "base_url": "https://overpass-api.de/api/",
    "url_template": "{base_url}/interpreter",
    "geometry_type": "line",
    "Layer_selector": "L_1_1_2_Границы_работ_10_м",
    "split_threshold_km2": "null",
    "method": "POST",
    "response_format": "json",
    "referer_url": null,
    "fallback_group": "overpass_group",
    "timeout_sec": "1;5;10;30;80",
    "max_retries": 5,
    "max_workers": 5,
    "description": "OSM, fallback, Германия"
  },
  {
    "endpoint_id": 22,
    "api_group": "OVERPASS_FALLBACK",
    "api_type": "vector",
    "layer_name": null,
    "category_id": "highway",
    "category_name": "OSM Fallback Kumi",
    "base_url": "https://overpass.kumi.systems/api/",
    "url_template": "{base_url}/interpreter",
    "geometry_type": "line",
    "Layer_selector": "L_1_1_2_Границы_работ_10_м",
    "split_threshold_km2": "null",
    "method": "POST",
    "response_format": "json",
    "referer_url": null,
    "fallback_group": "overpass_group",
    "timeout_sec": "1;5;10;30;81",
    "max_retries": 5,
    "max_workers": 5,
    "description": "OSM, fallback"
  },
  {
    "endpoint_id": 23,
    "api_group": "OVERPASS_FALLBACK",
    "api_type": "vector",
    "layer_name": null,
    "category_id": "highway",
    "category_name": "OSM Fallback CH",
    "base_url": "https://overpass.osm.ch/api/",
    "url_template": "{base_url}/interpreter",
    "geometry_type": "line",
    "Layer_selector": "L_1_1_2_Границы_работ_10_м",
    "split_threshold_km2": "null",
    "method": "POST",
    "response_format": "json",
    "referer_url": null,
    "fallback_group": "overpass_group",
    "timeout_sec": "1;5;10;30;82",
    "max_retries": 5,
    "max_workers": 5,
    "description": "OSM, fallback, Швейцария"
  },
  {
    "endpoint_id": 24,
    "api_group": "FGISLK",
    "api_type": "vector",
    "layer_name": "Le_1_7_1_2_ФГИС_ЛК_Лесничества",
    "category_id": null,
    "category_name": "ФГИС ЛК Лесничества",
    "base_url": "https://pub4.fgislk.gov.ru/plk/gwc/geowebcache/service/tms/1.0.0/FOREST_LAYERS:FOREST@EPSG:3857@pbf",
    "url_template": "{base_url}/{z}/{x}/{y}.pbf",
    "geometry_type": "polygon",
    "Layer_selector": "L_1_1_2_Границы_работ_10_м",
    "split_threshold_km2": "null",
    "method": "GET",
    "response_format": "pbf",
    "referer_url": null,
    "fallback_group": null,
    "timeout_sec": "1;5;10;30;83",
    "max_retries": 5,
    "max_workers": 8,
    "description": "Лесничества из ФГИС Лесное хозяйство"
  },
  {
    "endpoint_id": 25,
    "api_group": "GOOGLE",
    "api_type": "raster",
    "layer_name": "L_1_3_1_Google_Satellite",
    "category_id": "google_sat",
    "category_name": "Google Спутник",
    "base_url": "https://mt1.google.com/vt/lyrs=s",
    "url_template": "{base_url}&x={x}&y={y}&z={z}",
    "geometry_type": "raster",
    "Layer_selector": "L_1_1_2_Границы_работ_10_м",
    "split_threshold_km2": "null",
    "method": "GET",
    "response_format": "png",
    "referer_url": null,
    "fallback_group": null,
    "timeout_sec": "1;5;10;30;84",
    "max_retries": 5,
    "max_workers": 5,
    "description": "Спутниковые снимки Google"
  },
  {
    "endpoint_id": 26,
    "api_group": "GOOGLE",
    "api_type": "raster",
    "layer_name": "L_1_3_4_Google_Hybrid",
    "category_id": "google_hybrid",
    "category_name": "Google Гибрид",
    "base_url": "https://mt1.google.com/vt/lyrs=h",
    "url_template": "{base_url}&x={x}&y={y}&z={z}",
    "geometry_type": "raster",
    "Layer_selector": "L_1_1_2_Границы_работ_10_м",
    "split_threshold_km2": "null",
    "method": "GET",
    "response_format": "png",
    "referer_url": null,
    "fallback_group": null,
    "timeout_sec": "1;5;10;30;85",
    "max_retries": 5,
    "max_workers": 5,
    "description": "Подписи Google Maps"
  }
]