[
  {
    "document_id": "vedomost_zu_razdel",
    "document_name": "Ведомость ОЗУ",
    "document_type": "attribute_list",
    "base_reference": "Base_cutting.json",
    "source_layers": [
      "Le_3_1_",
      "Le_3_7_"
    ],
    "description": "Ведомость ЗУ для раздела"
  },
  {
    "document_id": "perechen_zu_razdel",
    "document_name": "Перечень координат ОЗУ",
    "document_type": "coordinate_list",
    "base_reference": "Base_cutting.json",
    "source_layers": [
      "Le_3_1_",
      "Le_3_7_",
      "Le_3_5_",
      "Le_3_8_"
    ],
    "description": "Перечень координат характерных точек"
  },
  {
    "document_id": "vedomost_zu_selection",
    "document_name": "Ведомость существующих ЗУ",
    "document_type": "attribute_list",
    "base_reference": "Base_selection_ZU.json",
    "source_layers": [
      "L_2_1_1_Выборка_ЗУ"
    ],
    "description": "Исходные ЗУ"
  }
]