[
  {
    "section_num": "F_0",
    "section": "Проект",
    "function_num": "1",
    "function_name": "Создание нового проекта",
    "description": "Создание нового проекта",
    "tool_id": "F_0_1",
    "full_name": "1_Создание нового проекта",
    "module_path": "tools.F_0_project.F_0_1_new_project",
    "class_name": "F_0_1_NewProject",
    "enabled": true
  },
  {
    "section_num": "F_0",
    "section": "Проект",
    "function_num": "2",
    "function_name": "Выбор существующего проекта",
    "description": "Выбор существующего проекта",
    "tool_id": "F_0_2",
    "full_name": "2_Выбор существующего проекта",
    "module_path": "tools.F_0_project.F_0_2_open_project",
    "class_name": "F_0_2_OpenProject",
    "enabled": true
  },
  {
    "section_num": "F_0",
    "section": "Проект",
    "function_num": "3",
    "function_name": "Изменение свойств проекта",
    "description": "Изменение свойств проекта",
    "tool_id": "F_0_3",
    "full_name": "3_Изменение свойств проекта",
    "module_path": "tools.F_0_project.F_0_3_edit_project_properties",
    "class_name": "F_0_3_EditProjectProperties",
    "enabled": true
  },
  {
    "section_num": "F_0",
    "section": "Проект",
    "function_num": "4",
    "function_name": "Проверка топологии",
    "description": "Комплексная проверка на топологические и геометрические ошибки",
    "tool_id": "F_0_4",
    "full_name": "4_Проверка топологии",
    "module_path": "tools.F_0_project.F_0_4_topology_check",
    "class_name": "F_0_4_TopologyCheck",
    "enabled": true
  },
  {
    "section_num": "F_0",
    "section": "Проект",
    "function_num": "5",
    "function_name": "Уточнение проекции",
    "description": "Пересчет локальных параметров проекции",
    "tool_id": "F_0_5",
    "full_name": "5_Уточнение проекции",
    "module_path": "tools.F_0_project.F_0_5_refine_projection",
    "class_name": "F_0_5_RefineProjection",
    "enabled": true
  },
  {
    "section_num": "F_1",
    "section": "Данные",
    "function_num": "1",
    "function_name": "Импорт",
    "description": "Импорт слоев",
    "tool_id": "F_1_1",
    "full_name": "1_Импорт",
    "module_path": "tools.F_1_data.F_1_1_universal_import",
    "class_name": "F_1_1_UniversalImport",
    "enabled": true
  },
  {
    "section_num": "F_1",
    "section": "Данные",
    "function_num": "2",
    "function_name": "Загрузка Web карт",
    "description": "Загрузка Web слоев с помощью внешних модулей okno_egrn и okno_fgislk",
    "tool_id": "F_1_2",
    "full_name": "2_Загрузка Web карт",
    "module_path": "tools.F_1_data.F_1_2_load_wms",
    "class_name": "F_1_2_LoadWMS",
    "enabled": true
  },
  {
    "section_num": "F_1",
    "section": "Данные",
    "function_num": "3",
    "function_name": "Бюджет",
    "description": "Расчет количества попадания объектов из слоев групп \"L_1_2 и Le_1_2\" на полигон из слоя \"L_1_1_2\"",
    "tool_id": "F_1_3",
    "full_name": "3_Бюджет",
    "module_path": "tools.F_1_data.F_1_3_budget_selection",
    "class_name": "F_1_3_BudgetSelection",
    "enabled": true
  },
  {
    "section_num": "F_1",
    "section": "Данные",
    "function_num": "4",
    "function_name": "Запрос",
    "description": "Формировани приложений к запросу сведений (координаты, ред форматы, ситуационная схема), то есть отображение схемы с использованием слоев групп \"L_1_2 и Le_1_2\" и  слоя \"L_1_1_1\".",
    "tool_id": "F_1_4",
    "full_name": "4_Запрос",
    "module_path": "tools.F_1_data.F_1_4_graphics_request",
    "class_name": "F_1_4_GraphicsRequest",
    "enabled": true
  },
  {
    "section_num": "F_1",
    "section": "Данные",
    "function_num": "5",
    "function_name": "Экспорт",
    "description": "Экспорт слоев",
    "tool_id": "F_1_5",
    "full_name": "5_Экспорт",
    "module_path": "tools.F_1_data.F_1_5_universal_export",
    "class_name": "F_1_5_UniversalExport",
    "enabled": true
  },
  {
    "section_num": "F_2",
    "section": "Обработка",
    "function_num": "1",
    "function_name": "Выборка",
    "description": "Выборка объектов из группы слоев (L_1_3_КПТ) по границам \"L_1_1_2_Границы_работ_10_м\"",
    "tool_id": "F_2_1",
    "full_name": "1_Выборка",
    "module_path": "tools.F_2_processing.F_2_1_land_selection",
    "class_name": "F_2_1_LandSelection",
    "enabled": true
  },
  {
    "section_num": "F_2",
    "section": "Обработка",
    "function_num": "4",
    "function_name": "ГПМТ",
    "description": "Граница проекта межевания территории, сумма всех ЗПР (L_2_3 и L_2_4), сформированные в 1 мульти полигон",
    "tool_id": "F_2_4",
    "full_name": "4_ГПМТ",
    "module_path": "tools.F_2_processing.F_2_4_gpmt",
    "class_name": "F_2_4_GPMT",
    "enabled": true
  },
  {
    "section_num": "F_3",
    "section": "Нарезка",
    "function_num": "1",
    "function_name": "Нарезка ЗПР",
    "description": "Нарезка ЗПР по границам: L_2_1_1_Выборка_ЗУ, L_2_1_4_Выборка_НП, L_2_1_5_ЕГРН_Лесничество, L_2_1_8_Выборка_Вода",
    "tool_id": "F_3_1",
    "full_name": "1_Нарезка ЗПР",
    "module_path": "tools.F_3_cutting.F_3_1_narezka_zpr",
    "class_name": "F_3_1_NarezkaZPR",
    "enabled": true
  },
  {
    "section_num": "F_4",
    "section": "ХЛУ",
    "function_num": "1",
    "function_name": "ЛЕС ЗПР",
    "description": "Нарезка ЗПР по границам выделов",
    "tool_id": "F_4_1",
    "full_name": "1_ЛЕС ЗПР",
    "module_path": "tools.F_4_hlu.F_4_1_les_zpr",
    "class_name": "F_4_1_LesZPR",
    "enabled": false
  },
  {
    "section_num": "F_4",
    "section": "ХЛУ",
    "function_num": "2",
    "function_name": "ЛЕС ЗПР РЕК",
    "description": "Нарезка ЗПР_РЕК по границам выделов",
    "tool_id": "F_4_2",
    "full_name": "2_ЛЕС ЗПР РЕК",
    "module_path": "tools.F_4_hlu.F_4_2_les_zpr_rek",
    "class_name": "F_4_2_LesZPRRek",
    "enabled": false
  },
  {
    "section_num": "F_5",
    "section": "Плагин",
    "function_num": "1",
    "function_name": "Проверка зависимостей",
    "description": "Проверка и установка библиотек и шрифтов",
    "tool_id": "F_5_1",
    "full_name": "1_Проверка зависимостей",
    "module_path": "tools.F_5_plagin.F_5_1_check_dependencies",
    "class_name": "F_5_1_CheckDependencies",
    "enabled": true
  },
  {
    "section_num": "F_5",
    "section": "Плагин",
    "function_num": "2",
    "function_name": "Тест",
    "description": "Тест",
    "tool_id": "F_5_2",
    "full_name": "2_Тест",
    "module_path": "tools.F_5_plagin.F_5_2_test",
    "class_name": "F_5_2_Test",
    "enabled": true
  },
  {
    "section_num": "F_6",
    "section": "Выпуск",
    "function_num": "1",
    "function_name": "Векторные слои",
    "description": "Экспорт слоев в соответсвии со стилем из колонки \"ЕЕ ПОКА НЕТ НУЖНО ЗАДАТЬ\" из базы данных Base_layers",
    "tool_id": "F_6_1",
    "full_name": "1_Векторные слои",
    "module_path": "tools.F_6_release.F_6_1_vector_export",
    "class_name": "F_6_1_VectorExport",
    "enabled": true
  },
  {
    "section_num": "F_6",
    "section": "Выпуск",
    "function_num": "2",
    "function_name": "Подложки",
    "description": "Экспорт слоев в соответсвии с требованиями подложек",
    "tool_id": "F_6_2",
    "full_name": "2_Подложки",
    "module_path": "tools.F_6_release.F_6_2_background_export",
    "class_name": "F_6_2_BackgroundExport",
    "enabled": true
  },
  {
    "section_num": "F_6",
    "section": "Выпуск",
    "function_num": "3",
    "function_name": "Перчени и ведомости",
    "description": "Формирование перечней координат и вдомостей по шаблону",
    "tool_id": "F_6_3",
    "full_name": "3_Перчени и ведомости",
    "module_path": "tools.F_6_release.F_6_3_document_export",
    "class_name": "F_6_3_DocumentExport",
    "enabled": true
  },
  {
    "section_num": "F_3",
    "section": "Нарезка",
    "function_num": "3",
    "function_name": "Корректировка",
    "description": "Пересчёт атрибутов и точек после ручного редактирования нарезки",
    "tool_id": "F_3_3",
    "full_name": "3_Корректировка",
    "module_path": "tools.F_3_cutting.F_3_3_correction",
    "class_name": "F_3_3_Correction",
    "enabled": true
  },
  {
    "section_num": "F_3",
    "section": "Нарезка",
    "function_num": "4",
    "function_name": "Этапность",
    "description": "Формирование этапов кадастровых работ",
    "tool_id": "F_3_4",
    "full_name": "4_Этапность",
    "module_path": "tools.F_3_cutting.F_3_4_staging",
    "class_name": "F_3_4_Staging",
    "enabled": true
  },
  {
    "section_num": "F_3",
    "section": "Нарезка",
    "function_num": "2",
    "function_name": "ЗУ без межевания",
    "description": "Перенос ЗУ в слои без межевания",
    "tool_id": "F_3_2",
    "full_name": "2_ЗУ без межевания",
    "module_path": "tools.F_3_cutting.F_3_2_bez_mezh",
    "class_name": "F_3_2_BezMezh",
    "enabled": true
  },
  {
    "section_num": "F_3",
    "section": "Нарезка",
    "function_num": "5",
    "function_name": "Изъятие",
    "description": "Отбор ЗУ для изъятия под гос./муниц. нужды",
    "tool_id": "F_3_5",
    "full_name": "5_Изъятие",
    "module_path": "tools.F_3_cutting.F_3_5_izyatie",
    "class_name": "F_3_5_Izyatie",
    "enabled": true
  },
  {
    "section_num": "F_5",
    "section": "Плагин",
    "function_num": "6",
    "function_name": "Управление лицензией",
    "description": "Активация, деактивация и просмотр статуса лицензии",
    "tool_id": "F_5_6",
    "full_name": "6_Управление лицензией",
    "module_path": "tools.F_5_plagin.F_5_6_license_management",
    "class_name": "F_5_6_LicenseManagement",
    "enabled": true
  }
]