[
  {
    "full_name": "L_1_1_1_Границы_работ",
    "label_field": "-",
    "label_font_family": "GOST 2.304",
    "label_font_style": "Bold Italic",
    "label_font_size": 4.0,
    "label_font_color_RGB": "0,0,0",
    "label_buffer_enabled": true,
    "label_buffer_color_RGB": "255,255,255",
    "label_buffer_size": 1.0,
    "label_priority": 0,
    "label_z_index": 0.0,
    "label_is_obstacle": true,
    "label_min_scale": "100000",
    "label_max_scale": "500",
    "label_callout_enabled": false,
    "label_distance_from_feature": 0.0,
    "label_auto_wrap_enabled": true,
    "label_auto_wrap_length": 50,
    "label_position_auto": false
  },
  {
    "full_name": "L_1_2_1_WFS_ЗУ",
    "label_field": "cad_num",
    "label_font_family": "GOST 2.304",
    "label_font_style": "Bold Italic",
    "label_font_size": 4.0,
    "label_font_color_RGB": "0,0,0",
    "label_buffer_enabled": true,
    "label_buffer_color_RGB": "255,255,255",
    "label_buffer_size": 1.0,
    "label_priority": 5,
    "label_z_index": 1.0,
    "label_is_obstacle": false,
    "label_min_scale": "100000",
    "label_max_scale": "500",
    "label_callout_enabled": false,
    "label_distance_from_feature": 0.0,
    "label_auto_wrap_enabled": true,
    "label_auto_wrap_length": 50,
    "label_position_auto": false
  },
  {
    "full_name": "L_1_2_2_WFS_КК",
    "label_field": "cad_num",
    "label_font_family": "GOST 2.304",
    "label_font_style": "Bold Italic",
    "label_font_size": 5.0,
    "label_font_color_RGB": "0,0,0",
    "label_buffer_enabled": true,
    "label_buffer_color_RGB": "255,255,255",
    "label_buffer_size": 1.0,
    "label_priority": 3,
    "label_z_index": 1.0,
    "label_is_obstacle": false,
    "label_min_scale": "100000",
    "label_max_scale": "500",
    "label_callout_enabled": false,
    "label_distance_from_feature": 0.0,
    "label_auto_wrap_enabled": true,
    "label_auto_wrap_length": 50,
    "label_position_auto": false
  },
  {
    "full_name": "Le_2_1_1_1_Выборка_ЗУ",
    "label_field": "КН",
    "label_font_family": "GOST 2.304",
    "label_font_style": "Bold Italic",
    "label_font_size": 4.0,
    "label_font_color_RGB": "0,0,0",
    "label_buffer_enabled": true,
    "label_buffer_color_RGB": "255,255,255",
    "label_buffer_size": 1.0,
    "label_priority": 5,
    "label_z_index": 0.0,
    "label_is_obstacle": false,
    "label_min_scale": "100000",
    "label_max_scale": "500",
    "label_callout_enabled": false,
    "label_distance_from_feature": 0.0,
    "label_auto_wrap_enabled": true,
    "label_auto_wrap_length": 50,
    "label_position_auto": false
  },
  {
    "full_name": "Le_1_2_3_5_АТД_НП_poly",
    "label_field": "name_locality",
    "label_font_family": "GOST 2.304",
    "label_font_style": "Bold Italic",
    "label_font_size": 5.0,
    "label_font_color_RGB": "0,0,0",
    "label_buffer_enabled": true,
    "label_buffer_color_RGB": "255,255,255",
    "label_buffer_size": 1.0,
    "label_priority": 8,
    "label_z_index": 0.0,
    "label_is_obstacle": false,
    "label_min_scale": "-",
    "label_max_scale": "-",
    "label_callout_enabled": false,
    "label_distance_from_feature": 0.0,
    "label_auto_wrap_enabled": true,
    "label_auto_wrap_length": 50,
    "label_position_auto": true
  },
  {
    "full_name": "Le_1_2_3_12_АТД_МО_poly",
    "label_field": "description",
    "label_font_family": "GOST 2.304",
    "label_font_style": "Bold Italic",
    "label_font_size": 5.0,
    "label_font_color_RGB": "0,0,0",
    "label_buffer_enabled": true,
    "label_buffer_color_RGB": "255,255,255",
    "label_buffer_size": 1.0,
    "label_priority": 9,
    "label_z_index": 0.0,
    "label_is_obstacle": false,
    "label_min_scale": "-",
    "label_max_scale": "-",
    "label_callout_enabled": false,
    "label_distance_from_feature": 0.0,
    "label_auto_wrap_enabled": true,
    "label_auto_wrap_length": 50,
    "label_position_auto": true
  },
  {
    "full_name": "L_2_1_2_Выборка_ОКС",
    "label_field": "КН",
    "label_font_family": "GOST 2.304",
    "label_font_style": "Bold Italic",
    "label_font_size": 4.0,
    "label_font_color_RGB": "0,0,0",
    "label_buffer_enabled": true,
    "label_buffer_color_RGB": "255,255,255",
    "label_buffer_size": 1.0,
    "label_priority": 5,
    "label_z_index": 0.0,
    "label_is_obstacle": false,
    "label_min_scale": "100000",
    "label_max_scale": "-",
    "label_callout_enabled": false,
    "label_distance_from_feature": 0.0,
    "label_auto_wrap_enabled": true,
    "label_auto_wrap_length": 50,
    "label_position_auto": false
  },
  {
    "full_name": "Le_3_5_1_1_Т_Раздел_ЗПР_ОКС",
    "label_field": "ID",
    "label_font_family": "GOST 2.304",
    "label_font_style": "Bold Italic",
    "label_font_size": 2.0,
    "label_font_color_RGB": "0,0,0",
    "label_buffer_enabled": true,
    "label_buffer_color_RGB": "255,255,255",
    "label_buffer_size": 1.0,
    "label_priority": 10,
    "label_z_index": 0.0,
    "label_is_obstacle": false,
    "label_min_scale": "100000",
    "label_max_scale": "-",
    "label_callout_enabled": false,
    "label_distance_from_feature": 0.0,
    "label_auto_wrap_enabled": true,
    "label_auto_wrap_length": 50,
    "label_position_auto": false
  },
  {
    "full_name": "Le_3_5_1_2_Т_НГС_ЗПР_ОКС",
    "label_field": "ID",
    "label_font_family": "GOST 2.304",
    "label_font_style": "Bold Italic",
    "label_font_size": 2.0,
    "label_font_color_RGB": "0,0,0",
    "label_buffer_enabled": true,
    "label_buffer_color_RGB": "255,255,255",
    "label_buffer_size": 1.0,
    "label_priority": 10,
    "label_z_index": 0.0,
    "label_is_obstacle": false,
    "label_min_scale": "100000",
    "label_max_scale": "-",
    "label_callout_enabled": false,
    "label_distance_from_feature": 0.0,
    "label_auto_wrap_enabled": true,
    "label_auto_wrap_length": 50,
    "label_position_auto": false
  },
  {
    "full_name": "Le_3_5_1_3_Т_Без_Меж_ЗПР_ОКС",
    "label_field": "ID",
    "label_font_family": "GOST 2.304",
    "label_font_style": "Bold Italic",
    "label_font_size": 2.0,
    "label_font_color_RGB": "0,0,0",
    "label_buffer_enabled": true,
    "label_buffer_color_RGB": "255,255,255",
    "label_buffer_size": 1.0,
    "label_priority": 10,
    "label_z_index": 0.0,
    "label_is_obstacle": false,
    "label_min_scale": "100000",
    "label_max_scale": "-",
    "label_callout_enabled": false,
    "label_distance_from_feature": 0.0,
    "label_auto_wrap_enabled": true,
    "label_auto_wrap_length": 50,
    "label_position_auto": false
  },
  {
    "full_name": "Le_3_5_1_4_Т_ПС_ЗПР_ОКС",
    "label_field": "ID",
    "label_font_family": "GOST 2.304",
    "label_font_style": "Bold Italic",
    "label_font_size": 2.0,
    "label_font_color_RGB": "0,0,0",
    "label_buffer_enabled": true,
    "label_buffer_color_RGB": "255,255,255",
    "label_buffer_size": 1.0,
    "label_priority": 10,
    "label_z_index": 0.0,
    "label_is_obstacle": false,
    "label_min_scale": "100000",
    "label_max_scale": "-",
    "label_callout_enabled": false,
    "label_distance_from_feature": 0.0,
    "label_auto_wrap_enabled": true,
    "label_auto_wrap_length": 50,
    "label_position_auto": false
  },
  {
    "full_name": "Le_3_5_2_1_Т_Раздел_ЗПР_ЛО",
    "label_field": "ID",
    "label_font_family": "GOST 2.304",
    "label_font_style": "Bold Italic",
    "label_font_size": 2.0,
    "label_font_color_RGB": "0,0,0",
    "label_buffer_enabled": true,
    "label_buffer_color_RGB": "255,255,255",
    "label_buffer_size": 1.0,
    "label_priority": 10,
    "label_z_index": 0.0,
    "label_is_obstacle": false,
    "label_min_scale": "100000",
    "label_max_scale": "-",
    "label_callout_enabled": false,
    "label_distance_from_feature": 0.0,
    "label_auto_wrap_enabled": true,
    "label_auto_wrap_length": 50,
    "label_position_auto": false
  },
  {
    "full_name": "Le_3_5_2_2_Т_НГС_ЗПР_ЛО",
    "label_field": "ID",
    "label_font_family": "GOST 2.304",
    "label_font_style": "Bold Italic",
    "label_font_size": 2.0,
    "label_font_color_RGB": "0,0,0",
    "label_buffer_enabled": true,
    "label_buffer_color_RGB": "255,255,255",
    "label_buffer_size": 1.0,
    "label_priority": 10,
    "label_z_index": 0.0,
    "label_is_obstacle": false,
    "label_min_scale": "100000",
    "label_max_scale": "-",
    "label_callout_enabled": false,
    "label_distance_from_feature": 0.0,
    "label_auto_wrap_enabled": true,
    "label_auto_wrap_length": 50,
    "label_position_auto": false
  },
  {
    "full_name": "Le_3_5_2_3_Т_Без_Меж_ЗПР_ЛО",
    "label_field": "ID",
    "label_font_family": "GOST 2.304",
    "label_font_style": "Bold Italic",
    "label_font_size": 2.0,
    "label_font_color_RGB": "0,0,0",
    "label_buffer_enabled": true,
    "label_buffer_color_RGB": "255,255,255",
    "label_buffer_size": 1.0,
    "label_priority": 10,
    "label_z_index": 0.0,
    "label_is_obstacle": false,
    "label_min_scale": "100000",
    "label_max_scale": "-",
    "label_callout_enabled": false,
    "label_distance_from_feature": 0.0,
    "label_auto_wrap_enabled": true,
    "label_auto_wrap_length": 50,
    "label_position_auto": false
  },
  {
    "full_name": "Le_3_5_2_4_Т_ПС_ЗПР_ЛО",
    "label_field": "ID",
    "label_font_family": "GOST 2.304",
    "label_font_style": "Bold Italic",
    "label_font_size": 2.0,
    "label_font_color_RGB": "0,0,0",
    "label_buffer_enabled": true,
    "label_buffer_color_RGB": "255,255,255",
    "label_buffer_size": 1.0,
    "label_priority": 10,
    "label_z_index": 0.0,
    "label_is_obstacle": false,
    "label_min_scale": "100000",
    "label_max_scale": "-",
    "label_callout_enabled": false,
    "label_distance_from_feature": 0.0,
    "label_auto_wrap_enabled": true,
    "label_auto_wrap_length": 50,
    "label_position_auto": false
  },
  {
    "full_name": "Le_3_5_3_1_Т_Раздел_ЗПР_ВО",
    "label_field": "ID",
    "label_font_family": "GOST 2.304",
    "label_font_style": "Bold Italic",
    "label_font_size": 2.0,
    "label_font_color_RGB": "0,0,0",
    "label_buffer_enabled": true,
    "label_buffer_color_RGB": "255,255,255",
    "label_buffer_size": 1.0,
    "label_priority": 10,
    "label_z_index": 0.0,
    "label_is_obstacle": false,
    "label_min_scale": "100000",
    "label_max_scale": "-",
    "label_callout_enabled": false,
    "label_distance_from_feature": 0.0,
    "label_auto_wrap_enabled": true,
    "label_auto_wrap_length": 50,
    "label_position_auto": false
  },
  {
    "full_name": "Le_3_5_3_2_Т_НГС_ЗПР_ВО",
    "label_field": "ID",
    "label_font_family": "GOST 2.304",
    "label_font_style": "Bold Italic",
    "label_font_size": 2.0,
    "label_font_color_RGB": "0,0,0",
    "label_buffer_enabled": true,
    "label_buffer_color_RGB": "255,255,255",
    "label_buffer_size": 1.0,
    "label_priority": 10,
    "label_z_index": 0.0,
    "label_is_obstacle": false,
    "label_min_scale": "100000",
    "label_max_scale": "-",
    "label_callout_enabled": false,
    "label_distance_from_feature": 0.0,
    "label_auto_wrap_enabled": true,
    "label_auto_wrap_length": 50,
    "label_position_auto": false
  },
  {
    "full_name": "Le_3_5_3_3_Т_Без_Меж_ЗПР_ВО",
    "label_field": "ID",
    "label_font_family": "GOST 2.304",
    "label_font_style": "Bold Italic",
    "label_font_size": 2.0,
    "label_font_color_RGB": "0,0,0",
    "label_buffer_enabled": true,
    "label_buffer_color_RGB": "255,255,255",
    "label_buffer_size": 1.0,
    "label_priority": 10,
    "label_z_index": 0.0,
    "label_is_obstacle": false,
    "label_min_scale": "100000",
    "label_max_scale": "-",
    "label_callout_enabled": false,
    "label_distance_from_feature": 0.0,
    "label_auto_wrap_enabled": true,
    "label_auto_wrap_length": 50,
    "label_position_auto": false
  },
  {
    "full_name": "Le_3_5_3_4_Т_ПС_ЗПР_ВО",
    "label_field": "ID",
    "label_font_family": "GOST 2.304",
    "label_font_style": "Bold Italic",
    "label_font_size": 2.0,
    "label_font_color_RGB": "0,0,0",
    "label_buffer_enabled": true,
    "label_buffer_color_RGB": "255,255,255",
    "label_buffer_size": 1.0,
    "label_priority": 10,
    "label_z_index": 0.0,
    "label_is_obstacle": false,
    "label_min_scale": "100000",
    "label_max_scale": "-",
    "label_callout_enabled": false,
    "label_distance_from_feature": 0.0,
    "label_auto_wrap_enabled": true,
    "label_auto_wrap_length": 50,
    "label_position_auto": false
  },
  {
    "full_name": "Le_3_6_1_1_Т_Раздел_ЗПР_РЕК_АД",
    "label_field": "ID",
    "label_font_family": "GOST 2.304",
    "label_font_style": "Bold Italic",
    "label_font_size": 2.0,
    "label_font_color_RGB": "0,0,0",
    "label_buffer_enabled": true,
    "label_buffer_color_RGB": "255,255,255",
    "label_buffer_size": 1.0,
    "label_priority": 10,
    "label_z_index": 0.0,
    "label_is_obstacle": false,
    "label_min_scale": "100000",
    "label_max_scale": "-",
    "label_callout_enabled": false,
    "label_distance_from_feature": 0.0,
    "label_auto_wrap_enabled": true,
    "label_auto_wrap_length": 50,
    "label_position_auto": false
  },
  {
    "full_name": "Le_3_6_1_2_Т_НГС_ЗПР_РЕК_АД",
    "label_field": "ID",
    "label_font_family": "GOST 2.304",
    "label_font_style": "Bold Italic",
    "label_font_size": 2.0,
    "label_font_color_RGB": "0,0,0",
    "label_buffer_enabled": true,
    "label_buffer_color_RGB": "255,255,255",
    "label_buffer_size": 1.0,
    "label_priority": 10,
    "label_z_index": 0.0,
    "label_is_obstacle": false,
    "label_min_scale": "100000",
    "label_max_scale": "-",
    "label_callout_enabled": false,
    "label_distance_from_feature": 0.0,
    "label_auto_wrap_enabled": true,
    "label_auto_wrap_length": 50,
    "label_position_auto": false
  },
  {
    "full_name": "Le_3_6_1_3_Т_Без_Меж_ЗПР_РЕК_АД",
    "label_field": "ID",
    "label_font_family": "GOST 2.304",
    "label_font_style": "Bold Italic",
    "label_font_size": 2.0,
    "label_font_color_RGB": "0,0,0",
    "label_buffer_enabled": true,
    "label_buffer_color_RGB": "255,255,255",
    "label_buffer_size": 1.0,
    "label_priority": 10,
    "label_z_index": 0.0,
    "label_is_obstacle": false,
    "label_min_scale": "100000",
    "label_max_scale": "-",
    "label_callout_enabled": false,
    "label_distance_from_feature": 0.0,
    "label_auto_wrap_enabled": true,
    "label_auto_wrap_length": 50,
    "label_position_auto": false
  },
  {
    "full_name": "Le_3_6_1_4_Т_ПС_ЗПР_РЕК_АД",
    "label_field": "ID",
    "label_font_family": "GOST 2.304",
    "label_font_style": "Bold Italic",
    "label_font_size": 2.0,
    "label_font_color_RGB": "0,0,0",
    "label_buffer_enabled": true,
    "label_buffer_color_RGB": "255,255,255",
    "label_buffer_size": 1.0,
    "label_priority": 10,
    "label_z_index": 0.0,
    "label_is_obstacle": false,
    "label_min_scale": "100000",
    "label_max_scale": "-",
    "label_callout_enabled": false,
    "label_distance_from_feature": 0.0,
    "label_auto_wrap_enabled": true,
    "label_auto_wrap_length": 50,
    "label_position_auto": false
  },
  {
    "full_name": "Le_3_6_2_1_Т_Раздел_ЗПР_СЕТИ_ПО",
    "label_field": "ID",
    "label_font_family": "GOST 2.304",
    "label_font_style": "Bold Italic",
    "label_font_size": 2.0,
    "label_font_color_RGB": "0,0,0",
    "label_buffer_enabled": true,
    "label_buffer_color_RGB": "255,255,255",
    "label_buffer_size": 1.0,
    "label_priority": 10,
    "label_z_index": 0.0,
    "label_is_obstacle": false,
    "label_min_scale": "100000",
    "label_max_scale": "-",
    "label_callout_enabled": false,
    "label_distance_from_feature": 0.0,
    "label_auto_wrap_enabled": true,
    "label_auto_wrap_length": 50,
    "label_position_auto": false
  },
  {
    "full_name": "Le_3_6_2_2_Т_НГС_ЗПР_СЕТИ_ПО",
    "label_field": "ID",
    "label_font_family": "GOST 2.304",
    "label_font_style": "Bold Italic",
    "label_font_size": 2.0,
    "label_font_color_RGB": "0,0,0",
    "label_buffer_enabled": true,
    "label_buffer_color_RGB": "255,255,255",
    "label_buffer_size": 1.0,
    "label_priority": 10,
    "label_z_index": 0.0,
    "label_is_obstacle": false,
    "label_min_scale": "100000",
    "label_max_scale": "-",
    "label_callout_enabled": false,
    "label_distance_from_feature": 0.0,
    "label_auto_wrap_enabled": true,
    "label_auto_wrap_length": 50,
    "label_position_auto": false
  },
  {
    "full_name": "Le_3_6_2_3_Т_Без_Меж_ЗПР_СЕТИ_ПО",
    "label_field": "ID",
    "label_font_family": "GOST 2.304",
    "label_font_style": "Bold Italic",
    "label_font_size": 2.0,
    "label_font_color_RGB": "0,0,0",
    "label_buffer_enabled": true,
    "label_buffer_color_RGB": "255,255,255",
    "label_buffer_size": 1.0,
    "label_priority": 10,
    "label_z_index": 0.0,
    "label_is_obstacle": false,
    "label_min_scale": "100000",
    "label_max_scale": "-",
    "label_callout_enabled": false,
    "label_distance_from_feature": 0.0,
    "label_auto_wrap_enabled": true,
    "label_auto_wrap_length": 50,
    "label_position_auto": false
  },
  {
    "full_name": "Le_3_6_2_4_Т_ПС_ЗПР_СЕТИ_ПО",
    "label_field": "ID",
    "label_font_family": "GOST 2.304",
    "label_font_style": "Bold Italic",
    "label_font_size": 2.0,
    "label_font_color_RGB": "0,0,0",
    "label_buffer_enabled": true,
    "label_buffer_color_RGB": "255,255,255",
    "label_buffer_size": 1.0,
    "label_priority": 10,
    "label_z_index": 0.0,
    "label_is_obstacle": false,
    "label_min_scale": "100000",
    "label_max_scale": "-",
    "label_callout_enabled": false,
    "label_distance_from_feature": 0.0,
    "label_auto_wrap_enabled": true,
    "label_auto_wrap_length": 50,
    "label_position_auto": false
  },
  {
    "full_name": "Le_3_6_3_1_Т_Раздел_ЗПР_СЕТИ_ВО",
    "label_field": "ID",
    "label_font_family": "GOST 2.304",
    "label_font_style": "Bold Italic",
    "label_font_size": 2.0,
    "label_font_color_RGB": "0,0,0",
    "label_buffer_enabled": true,
    "label_buffer_color_RGB": "255,255,255",
    "label_buffer_size": 1.0,
    "label_priority": 10,
    "label_z_index": 0.0,
    "label_is_obstacle": false,
    "label_min_scale": "100000",
    "label_max_scale": "-",
    "label_callout_enabled": false,
    "label_distance_from_feature": 0.0,
    "label_auto_wrap_enabled": true,
    "label_auto_wrap_length": 50,
    "label_position_auto": false
  },
  {
    "full_name": "Le_3_6_3_2_Т_НГС_ЗПР_СЕТИ_ВО",
    "label_field": "ID",
    "label_font_family": "GOST 2.304",
    "label_font_style": "Bold Italic",
    "label_font_size": 2.0,
    "label_font_color_RGB": "0,0,0",
    "label_buffer_enabled": true,
    "label_buffer_color_RGB": "255,255,255",
    "label_buffer_size": 1.0,
    "label_priority": 10,
    "label_z_index": 0.0,
    "label_is_obstacle": false,
    "label_min_scale": "100000",
    "label_max_scale": "-",
    "label_callout_enabled": false,
    "label_distance_from_feature": 0.0,
    "label_auto_wrap_enabled": true,
    "label_auto_wrap_length": 50,
    "label_position_auto": false
  },
  {
    "full_name": "Le_3_6_3_3_Т_Без_Меж_ЗПР_СЕТИ_ВО",
    "label_field": "ID",
    "label_font_family": "GOST 2.304",
    "label_font_style": "Bold Italic",
    "label_font_size": 2.0,
    "label_font_color_RGB": "0,0,0",
    "label_buffer_enabled": true,
    "label_buffer_color_RGB": "255,255,255",
    "label_buffer_size": 1.0,
    "label_priority": 10,
    "label_z_index": 0.0,
    "label_is_obstacle": false,
    "label_min_scale": "100000",
    "label_max_scale": "-",
    "label_callout_enabled": false,
    "label_distance_from_feature": 0.0,
    "label_auto_wrap_enabled": true,
    "label_auto_wrap_length": 50,
    "label_position_auto": false
  },
  {
    "full_name": "Le_3_6_3_4_Т_ПС_ЗПР_СЕТИ_ВО",
    "label_field": "ID",
    "label_font_family": "GOST 2.304",
    "label_font_style": "Bold Italic",
    "label_font_size": 2.0,
    "label_font_color_RGB": "0,0,0",
    "label_buffer_enabled": true,
    "label_buffer_color_RGB": "255,255,255",
    "label_buffer_size": 1.0,
    "label_priority": 10,
    "label_z_index": 0.0,
    "label_is_obstacle": false,
    "label_min_scale": "100000",
    "label_max_scale": "-",
    "label_callout_enabled": false,
    "label_distance_from_feature": 0.0,
    "label_auto_wrap_enabled": true,
    "label_auto_wrap_length": 50,
    "label_position_auto": false
  },
  {
    "full_name": "Le_3_6_4_1_Т_Раздел_ЗПР_НЭ",
    "label_field": "ID",
    "label_font_family": "GOST 2.304",
    "label_font_style": "Bold Italic",
    "label_font_size": 2.0,
    "label_font_color_RGB": "0,0,0",
    "label_buffer_enabled": true,
    "label_buffer_color_RGB": "255,255,255",
    "label_buffer_size": 1.0,
    "label_priority": 10,
    "label_z_index": 0.0,
    "label_is_obstacle": false,
    "label_min_scale": "100000",
    "label_max_scale": "-",
    "label_callout_enabled": false,
    "label_distance_from_feature": 0.0,
    "label_auto_wrap_enabled": true,
    "label_auto_wrap_length": 50,
    "label_position_auto": false
  },
  {
    "full_name": "Le_3_6_4_2_Т_НГС_ЗПР_НЭ",
    "label_field": "ID",
    "label_font_family": "GOST 2.304",
    "label_font_style": "Bold Italic",
    "label_font_size": 2.0,
    "label_font_color_RGB": "0,0,0",
    "label_buffer_enabled": true,
    "label_buffer_color_RGB": "255,255,255",
    "label_buffer_size": 1.0,
    "label_priority": 10,
    "label_z_index": 0.0,
    "label_is_obstacle": false,
    "label_min_scale": "100000",
    "label_max_scale": "-",
    "label_callout_enabled": false,
    "label_distance_from_feature": 0.0,
    "label_auto_wrap_enabled": true,
    "label_auto_wrap_length": 50,
    "label_position_auto": false
  },
  {
    "full_name": "Le_3_6_4_3_Т_Без_Меж_ЗПР_НЭ",
    "label_field": "ID",
    "label_font_family": "GOST 2.304",
    "label_font_style": "Bold Italic",
    "label_font_size": 2.0,
    "label_font_color_RGB": "0,0,0",
    "label_buffer_enabled": true,
    "label_buffer_color_RGB": "255,255,255",
    "label_buffer_size": 1.0,
    "label_priority": 10,
    "label_z_index": 0.0,
    "label_is_obstacle": false,
    "label_min_scale": "100000",
    "label_max_scale": "-",
    "label_callout_enabled": false,
    "label_distance_from_feature": 0.0,
    "label_auto_wrap_enabled": true,
    "label_auto_wrap_length": 50,
    "label_position_auto": false
  },
  {
    "full_name": "Le_3_6_4_4_Т_ПС_ЗПР_НЭ",
    "label_field": "ID",
    "label_font_family": "GOST 2.304",
    "label_font_style": "Bold Italic",
    "label_font_size": 2.0,
    "label_font_color_RGB": "0,0,0",
    "label_buffer_enabled": true,
    "label_buffer_color_RGB": "255,255,255",
    "label_buffer_size": 1.0,
    "label_priority": 10,
    "label_z_index": 0.0,
    "label_is_obstacle": false,
    "label_min_scale": "100000",
    "label_max_scale": "-",
    "label_callout_enabled": false,
    "label_distance_from_feature": 0.0,
    "label_auto_wrap_enabled": true,
    "label_auto_wrap_length": 50,
    "label_position_auto": false
  },
  {
    "full_name": "Le_3_1_1_1_Раздел_ЗПР_ОКС",
    "label_field": "ID",
    "label_font_family": "GOST 2.304",
    "label_font_style": "Bold Italic",
    "label_font_size": 4.0,
    "label_font_color_RGB": "0,0,255",
    "label_buffer_enabled": true,
    "label_buffer_color_RGB": "255,255,255",
    "label_buffer_size": 1.0,
    "label_priority": 10,
    "label_z_index": 0.0,
    "label_is_obstacle": false,
    "label_min_scale": "100000",
    "label_max_scale": "-",
    "label_callout_enabled": false,
    "label_distance_from_feature": 0.0,
    "label_auto_wrap_enabled": true,
    "label_auto_wrap_length": 50,
    "label_position_auto": false
  },
  {
    "full_name": "Le_3_1_1_2_НГС_ЗПР_ОКС",
    "label_field": "ID",
    "label_font_family": "GOST 2.304",
    "label_font_style": "Bold Italic",
    "label_font_size": 4.0,
    "label_font_color_RGB": "0,0,255",
    "label_buffer_enabled": true,
    "label_buffer_color_RGB": "255,255,255",
    "label_buffer_size": 1.0,
    "label_priority": 10,
    "label_z_index": 0.0,
    "label_is_obstacle": false,
    "label_min_scale": "100000",
    "label_max_scale": "-",
    "label_callout_enabled": false,
    "label_distance_from_feature": 0.0,
    "label_auto_wrap_enabled": true,
    "label_auto_wrap_length": 50,
    "label_position_auto": false
  },
  {
    "full_name": "Le_3_1_1_3_Без_Меж_ЗПР_ОКС",
    "label_field": "ID",
    "label_font_family": "GOST 2.304",
    "label_font_style": "Bold Italic",
    "label_font_size": 4.0,
    "label_font_color_RGB": "0,0,255",
    "label_buffer_enabled": true,
    "label_buffer_color_RGB": "255,255,255",
    "label_buffer_size": 1.0,
    "label_priority": 10,
    "label_z_index": 0.0,
    "label_is_obstacle": false,
    "label_min_scale": "100000",
    "label_max_scale": "-",
    "label_callout_enabled": false,
    "label_distance_from_feature": 0.0,
    "label_auto_wrap_enabled": true,
    "label_auto_wrap_length": 50,
    "label_position_auto": false
  },
  {
    "full_name": "Le_3_1_1_4_ПС_ЗПР_ОКС",
    "label_field": "ID",
    "label_font_family": "GOST 2.304",
    "label_font_style": "Bold Italic",
    "label_font_size": 4.0,
    "label_font_color_RGB": "0,0,255",
    "label_buffer_enabled": true,
    "label_buffer_color_RGB": "255,255,255",
    "label_buffer_size": 1.0,
    "label_priority": 10,
    "label_z_index": 0.0,
    "label_is_obstacle": false,
    "label_min_scale": "100000",
    "label_max_scale": "-",
    "label_callout_enabled": false,
    "label_distance_from_feature": 0.0,
    "label_auto_wrap_enabled": true,
    "label_auto_wrap_length": 50,
    "label_position_auto": false
  },
  {
    "full_name": "Le_3_1_2_1_Раздел_ЗПР_ЛО",
    "label_field": "ID",
    "label_font_family": "GOST 2.304",
    "label_font_style": "Bold Italic",
    "label_font_size": 4.0,
    "label_font_color_RGB": "0,0,255",
    "label_buffer_enabled": true,
    "label_buffer_color_RGB": "255,255,255",
    "label_buffer_size": 1.0,
    "label_priority": 10,
    "label_z_index": 0.0,
    "label_is_obstacle": false,
    "label_min_scale": "100000",
    "label_max_scale": "-",
    "label_callout_enabled": false,
    "label_distance_from_feature": 0.0,
    "label_auto_wrap_enabled": true,
    "label_auto_wrap_length": 50,
    "label_position_auto": false
  },
  {
    "full_name": "Le_3_1_2_2_НГС_ЗПР_ЛО",
    "label_field": "ID",
    "label_font_family": "GOST 2.304",
    "label_font_style": "Bold Italic",
    "label_font_size": 4.0,
    "label_font_color_RGB": "0,0,255",
    "label_buffer_enabled": true,
    "label_buffer_color_RGB": "255,255,255",
    "label_buffer_size": 1.0,
    "label_priority": 10,
    "label_z_index": 0.0,
    "label_is_obstacle": false,
    "label_min_scale": "100000",
    "label_max_scale": "-",
    "label_callout_enabled": false,
    "label_distance_from_feature": 0.0,
    "label_auto_wrap_enabled": true,
    "label_auto_wrap_length": 50,
    "label_position_auto": false
  },
  {
    "full_name": "Le_3_1_2_3_Без_Меж_ЗПР_ЛО",
    "label_field": "ID",
    "label_font_family": "GOST 2.304",
    "label_font_style": "Bold Italic",
    "label_font_size": 4.0,
    "label_font_color_RGB": "0,0,255",
    "label_buffer_enabled": true,
    "label_buffer_color_RGB": "255,255,255",
    "label_buffer_size": 1.0,
    "label_priority": 10,
    "label_z_index": 0.0,
    "label_is_obstacle": false,
    "label_min_scale": "100000",
    "label_max_scale": "-",
    "label_callout_enabled": false,
    "label_distance_from_feature": 0.0,
    "label_auto_wrap_enabled": true,
    "label_auto_wrap_length": 50,
    "label_position_auto": false
  },
  {
    "full_name": "Le_3_1_2_4_ПС_ЗПР_ЛО",
    "label_field": "ID",
    "label_font_family": "GOST 2.304",
    "label_font_style": "Bold Italic",
    "label_font_size": 4.0,
    "label_font_color_RGB": "0,0,255",
    "label_buffer_enabled": true,
    "label_buffer_color_RGB": "255,255,255",
    "label_buffer_size": 1.0,
    "label_priority": 10,
    "label_z_index": 0.0,
    "label_is_obstacle": false,
    "label_min_scale": "100000",
    "label_max_scale": "-",
    "label_callout_enabled": false,
    "label_distance_from_feature": 0.0,
    "label_auto_wrap_enabled": true,
    "label_auto_wrap_length": 50,
    "label_position_auto": false
  },
  {
    "full_name": "Le_3_1_3_1_Раздел_ЗПР_ВО",
    "label_field": "ID",
    "label_font_family": "GOST 2.304",
    "label_font_style": "Bold Italic",
    "label_font_size": 4.0,
    "label_font_color_RGB": "0,0,255",
    "label_buffer_enabled": true,
    "label_buffer_color_RGB": "255,255,255",
    "label_buffer_size": 1.0,
    "label_priority": 10,
    "label_z_index": 0.0,
    "label_is_obstacle": false,
    "label_min_scale": "100000",
    "label_max_scale": "-",
    "label_callout_enabled": false,
    "label_distance_from_feature": 0.0,
    "label_auto_wrap_enabled": true,
    "label_auto_wrap_length": 50,
    "label_position_auto": false
  },
  {
    "full_name": "Le_3_1_3_2_НГС_ЗПР_ВО",
    "label_field": "ID",
    "label_font_family": "GOST 2.304",
    "label_font_style": "Bold Italic",
    "label_font_size": 4.0,
    "label_font_color_RGB": "0,0,255",
    "label_buffer_enabled": true,
    "label_buffer_color_RGB": "255,255,255",
    "label_buffer_size": 1.0,
    "label_priority": 10,
    "label_z_index": 0.0,
    "label_is_obstacle": false,
    "label_min_scale": "100000",
    "label_max_scale": "-",
    "label_callout_enabled": false,
    "label_distance_from_feature": 0.0,
    "label_auto_wrap_enabled": true,
    "label_auto_wrap_length": 50,
    "label_position_auto": false
  },
  {
    "full_name": "Le_3_1_3_3_Без_Меж_ЗПР_ВО",
    "label_field": "ID",
    "label_font_family": "GOST 2.304",
    "label_font_style": "Bold Italic",
    "label_font_size": 4.0,
    "label_font_color_RGB": "0,0,255",
    "label_buffer_enabled": true,
    "label_buffer_color_RGB": "255,255,255",
    "label_buffer_size": 1.0,
    "label_priority": 10,
    "label_z_index": 0.0,
    "label_is_obstacle": false,
    "label_min_scale": "100000",
    "label_max_scale": "-",
    "label_callout_enabled": false,
    "label_distance_from_feature": 0.0,
    "label_auto_wrap_enabled": true,
    "label_auto_wrap_length": 50,
    "label_position_auto": false
  },
  {
    "full_name": "Le_3_1_3_4_ПС_ЗПР_ВО",
    "label_field": "ID",
    "label_font_family": "GOST 2.304",
    "label_font_style": "Bold Italic",
    "label_font_size": 4.0,
    "label_font_color_RGB": "0,0,255",
    "label_buffer_enabled": true,
    "label_buffer_color_RGB": "255,255,255",
    "label_buffer_size": 1.0,
    "label_priority": 10,
    "label_z_index": 0.0,
    "label_is_obstacle": false,
    "label_min_scale": "100000",
    "label_max_scale": "-",
    "label_callout_enabled": false,
    "label_distance_from_feature": 0.0,
    "label_auto_wrap_enabled": true,
    "label_auto_wrap_length": 50,
    "label_position_auto": false
  },
  {
    "full_name": "Le_3_2_1_1_Раздел_ЗПР_РЕК_АД",
    "label_field": "ID",
    "label_font_family": "GOST 2.304",
    "label_font_style": "Bold Italic",
    "label_font_size": 4.0,
    "label_font_color_RGB": "0,0,255",
    "label_buffer_enabled": true,
    "label_buffer_color_RGB": "255,255,255",
    "label_buffer_size": 1.0,
    "label_priority": 10,
    "label_z_index": 0.0,
    "label_is_obstacle": false,
    "label_min_scale": "100000",
    "label_max_scale": "-",
    "label_callout_enabled": false,
    "label_distance_from_feature": 0.0,
    "label_auto_wrap_enabled": true,
    "label_auto_wrap_length": 50,
    "label_position_auto": false
  },
  {
    "full_name": "Le_3_2_1_2_НГС_ЗПР_РЕК_АД",
    "label_field": "ID",
    "label_font_family": "GOST 2.304",
    "label_font_style": "Bold Italic",
    "label_font_size": 4.0,
    "label_font_color_RGB": "0,0,255",
    "label_buffer_enabled": true,
    "label_buffer_color_RGB": "255,255,255",
    "label_buffer_size": 1.0,
    "label_priority": 10,
    "label_z_index": 0.0,
    "label_is_obstacle": false,
    "label_min_scale": "100000",
    "label_max_scale": "-",
    "label_callout_enabled": false,
    "label_distance_from_feature": 0.0,
    "label_auto_wrap_enabled": true,
    "label_auto_wrap_length": 50,
    "label_position_auto": false
  },
  {
    "full_name": "Le_3_2_1_3_Без_Меж_ЗПР_РЕК_АД",
    "label_field": "ID",
    "label_font_family": "GOST 2.304",
    "label_font_style": "Bold Italic",
    "label_font_size": 4.0,
    "label_font_color_RGB": "0,0,255",
    "label_buffer_enabled": true,
    "label_buffer_color_RGB": "255,255,255",
    "label_buffer_size": 1.0,
    "label_priority": 10,
    "label_z_index": 0.0,
    "label_is_obstacle": false,
    "label_min_scale": "100000",
    "label_max_scale": "-",
    "label_callout_enabled": false,
    "label_distance_from_feature": 0.0,
    "label_auto_wrap_enabled": true,
    "label_auto_wrap_length": 50,
    "label_position_auto": false
  },
  {
    "full_name": "Le_3_2_1_4_ПС_ЗПР_РЕК_АД",
    "label_field": "ID",
    "label_font_family": "GOST 2.304",
    "label_font_style": "Bold Italic",
    "label_font_size": 4.0,
    "label_font_color_RGB": "0,0,255",
    "label_buffer_enabled": true,
    "label_buffer_color_RGB": "255,255,255",
    "label_buffer_size": 1.0,
    "label_priority": 10,
    "label_z_index": 0.0,
    "label_is_obstacle": false,
    "label_min_scale": "100000",
    "label_max_scale": "-",
    "label_callout_enabled": false,
    "label_distance_from_feature": 0.0,
    "label_auto_wrap_enabled": true,
    "label_auto_wrap_length": 50,
    "label_position_auto": false
  },
  {
    "full_name": "Le_3_2_2_1_Раздел_ЗПР_СЕТИ_ПО",
    "label_field": "ID",
    "label_font_family": "GOST 2.304",
    "label_font_style": "Bold Italic",
    "label_font_size": 4.0,
    "label_font_color_RGB": "0,0,255",
    "label_buffer_enabled": true,
    "label_buffer_color_RGB": "255,255,255",
    "label_buffer_size": 1.0,
    "label_priority": 10,
    "label_z_index": 0.0,
    "label_is_obstacle": false,
    "label_min_scale": "100000",
    "label_max_scale": "-",
    "label_callout_enabled": false,
    "label_distance_from_feature": 0.0,
    "label_auto_wrap_enabled": true,
    "label_auto_wrap_length": 50,
    "label_position_auto": false
  },
  {
    "full_name": "Le_3_2_2_2_НГС_ЗПР_СЕТИ_ПО",
    "label_field": "ID",
    "label_font_family": "GOST 2.304",
    "label_font_style": "Bold Italic",
    "label_font_size": 4.0,
    "label_font_color_RGB": "0,0,255",
    "label_buffer_enabled": true,
    "label_buffer_color_RGB": "255,255,255",
    "label_buffer_size": 1.0,
    "label_priority": 10,
    "label_z_index": 0.0,
    "label_is_obstacle": false,
    "label_min_scale": "100000",
    "label_max_scale": "-",
    "label_callout_enabled": false,
    "label_distance_from_feature": 0.0,
    "label_auto_wrap_enabled": true,
    "label_auto_wrap_length": 50,
    "label_position_auto": false
  },
  {
    "full_name": "Le_3_2_2_3_Без_Меж_ЗПР_СЕТИ_ПО",
    "label_field": "ID",
    "label_font_family": "GOST 2.304",
    "label_font_style": "Bold Italic",
    "label_font_size": 4.0,
    "label_font_color_RGB": "0,0,255",
    "label_buffer_enabled": true,
    "label_buffer_color_RGB": "255,255,255",
    "label_buffer_size": 1.0,
    "label_priority": 10,
    "label_z_index": 0.0,
    "label_is_obstacle": false,
    "label_min_scale": "100000",
    "label_max_scale": "-",
    "label_callout_enabled": false,
    "label_distance_from_feature": 0.0,
    "label_auto_wrap_enabled": true,
    "label_auto_wrap_length": 50,
    "label_position_auto": false
  },
  {
    "full_name": "Le_3_2_2_4_ПС_ЗПР_СЕТИ_ПО",
    "label_field": "ID",
    "label_font_family": "GOST 2.304",
    "label_font_style": "Bold Italic",
    "label_font_size": 4.0,
    "label_font_color_RGB": "0,0,255",
    "label_buffer_enabled": true,
    "label_buffer_color_RGB": "255,255,255",
    "label_buffer_size": 1.0,
    "label_priority": 10,
    "label_z_index": 0.0,
    "label_is_obstacle": false,
    "label_min_scale": "100000",
    "label_max_scale": "-",
    "label_callout_enabled": false,
    "label_distance_from_feature": 0.0,
    "label_auto_wrap_enabled": true,
    "label_auto_wrap_length": 50,
    "label_position_auto": false
  },
  {
    "full_name": "Le_3_2_3_1_Раздел_ЗПР_СЕТИ_ВО",
    "label_field": "ID",
    "label_font_family": "GOST 2.304",
    "label_font_style": "Bold Italic",
    "label_font_size": 4.0,
    "label_font_color_RGB": "0,0,255",
    "label_buffer_enabled": true,
    "label_buffer_color_RGB": "255,255,255",
    "label_buffer_size": 1.0,
    "label_priority": 10,
    "label_z_index": 0.0,
    "label_is_obstacle": false,
    "label_min_scale": "100000",
    "label_max_scale": "-",
    "label_callout_enabled": false,
    "label_distance_from_feature": 0.0,
    "label_auto_wrap_enabled": true,
    "label_auto_wrap_length": 50,
    "label_position_auto": false
  },
  {
    "full_name": "Le_3_2_3_2_НГС_ЗПР_СЕТИ_ВО",
    "label_field": "ID",
    "label_font_family": "GOST 2.304",
    "label_font_style": "Bold Italic",
    "label_font_size": 4.0,
    "label_font_color_RGB": "0,0,255",
    "label_buffer_enabled": true,
    "label_buffer_color_RGB": "255,255,255",
    "label_buffer_size": 1.0,
    "label_priority": 10,
    "label_z_index": 0.0,
    "label_is_obstacle": false,
    "label_min_scale": "100000",
    "label_max_scale": "-",
    "label_callout_enabled": false,
    "label_distance_from_feature": 0.0,
    "label_auto_wrap_enabled": true,
    "label_auto_wrap_length": 50,
    "label_position_auto": false
  },
  {
    "full_name": "Le_3_2_3_3_Без_Меж_ЗПР_СЕТИ_ВО",
    "label_field": "ID",
    "label_font_family": "GOST 2.304",
    "label_font_style": "Bold Italic",
    "label_font_size": 4.0,
    "label_font_color_RGB": "0,0,255",
    "label_buffer_enabled": true,
    "label_buffer_color_RGB": "255,255,255",
    "label_buffer_size": 1.0,
    "label_priority": 10,
    "label_z_index": 0.0,
    "label_is_obstacle": false,
    "label_min_scale": "100000",
    "label_max_scale": "-",
    "label_callout_enabled": false,
    "label_distance_from_feature": 0.0,
    "label_auto_wrap_enabled": true,
    "label_auto_wrap_length": 50,
    "label_position_auto": false
  },
  {
    "full_name": "Le_3_2_3_4_ПС_ЗПР_СЕТИ_ВО",
    "label_field": "ID",
    "label_font_family": "GOST 2.304",
    "label_font_style": "Bold Italic",
    "label_font_size": 4.0,
    "label_font_color_RGB": "0,0,255",
    "label_buffer_enabled": true,
    "label_buffer_color_RGB": "255,255,255",
    "label_buffer_size": 1.0,
    "label_priority": 10,
    "label_z_index": 0.0,
    "label_is_obstacle": false,
    "label_min_scale": "100000",
    "label_max_scale": "-",
    "label_callout_enabled": false,
    "label_distance_from_feature": 0.0,
    "label_auto_wrap_enabled": true,
    "label_auto_wrap_length": 50,
    "label_position_auto": false
  },
  {
    "full_name": "Le_3_2_4_1_Раздел_ЗПР_НЭ",
    "label_field": "ID",
    "label_font_family": "GOST 2.304",
    "label_font_style": "Bold Italic",
    "label_font_size": 4.0,
    "label_font_color_RGB": "0,0,255",
    "label_buffer_enabled": true,
    "label_buffer_color_RGB": "255,255,255",
    "label_buffer_size": 1.0,
    "label_priority": 10,
    "label_z_index": 0.0,
    "label_is_obstacle": false,
    "label_min_scale": "100000",
    "label_max_scale": "-",
    "label_callout_enabled": false,
    "label_distance_from_feature": 0.0,
    "label_auto_wrap_enabled": true,
    "label_auto_wrap_length": 50,
    "label_position_auto": false
  },
  {
    "full_name": "Le_3_2_4_2_НГС_ЗПР_НЭ",
    "label_field": "ID",
    "label_font_family": "GOST 2.304",
    "label_font_style": "Bold Italic",
    "label_font_size": 4.0,
    "label_font_color_RGB": "0,0,255",
    "label_buffer_enabled": true,
    "label_buffer_color_RGB": "255,255,255",
    "label_buffer_size": 1.0,
    "label_priority": 10,
    "label_z_index": 0.0,
    "label_is_obstacle": false,
    "label_min_scale": "100000",
    "label_max_scale": "-",
    "label_callout_enabled": false,
    "label_distance_from_feature": 0.0,
    "label_auto_wrap_enabled": true,
    "label_auto_wrap_length": 50,
    "label_position_auto": false
  },
  {
    "full_name": "Le_3_2_4_3_Без_Меж_ЗПР_НЭ",
    "label_field": "ID",
    "label_font_family": "GOST 2.304",
    "label_font_style": "Bold Italic",
    "label_font_size": 4.0,
    "label_font_color_RGB": "0,0,255",
    "label_buffer_enabled": true,
    "label_buffer_color_RGB": "255,255,255",
    "label_buffer_size": 1.0,
    "label_priority": 10,
    "label_z_index": 0.0,
    "label_is_obstacle": false,
    "label_min_scale": "100000",
    "label_max_scale": "-",
    "label_callout_enabled": false,
    "label_distance_from_feature": 0.0,
    "label_auto_wrap_enabled": true,
    "label_auto_wrap_length": 50,
    "label_position_auto": false
  },
  {
    "full_name": "Le_3_2_4_4_ПС_ЗПР_НЭ",
    "label_field": "ID",
    "label_font_family": "GOST 2.304",
    "label_font_style": "Bold Italic",
    "label_font_size": 4.0,
    "label_font_color_RGB": "0,0,255",
    "label_buffer_enabled": true,
    "label_buffer_color_RGB": "255,255,255",
    "label_buffer_size": 1.0,
    "label_priority": 10,
    "label_z_index": 0.0,
    "label_is_obstacle": false,
    "label_min_scale": "100000",
    "label_max_scale": "-",
    "label_callout_enabled": false,
    "label_distance_from_feature": 0.0,
    "label_auto_wrap_enabled": true,
    "label_auto_wrap_length": 50,
    "label_position_auto": false
  },
  {
    "full_name": "Le_3_8_1_1_Т_Раздел_1_этап",
    "label_field": "ID",
    "label_font_family": "GOST 2.304",
    "label_font_style": "Bold Italic",
    "label_font_size": 2.0,
    "label_font_color_RGB": "0,0,0",
    "label_buffer_enabled": true,
    "label_buffer_color_RGB": "255,255,255",
    "label_buffer_size": 1.0,
    "label_priority": 10,
    "label_z_index": 0.0,
    "label_is_obstacle": false,
    "label_min_scale": "100000",
    "label_max_scale": "-",
    "label_callout_enabled": false,
    "label_distance_from_feature": 0.0,
    "label_auto_wrap_enabled": true,
    "label_auto_wrap_length": 50,
    "label_position_auto": false
  },
  {
    "full_name": "Le_3_8_2_1_Т_Раздел_2_этап",
    "label_field": "ID",
    "label_font_family": "GOST 2.304",
    "label_font_style": "Bold Italic",
    "label_font_size": 2.0,
    "label_font_color_RGB": "0,0,0",
    "label_buffer_enabled": true,
    "label_buffer_color_RGB": "255,255,255",
    "label_buffer_size": 1.0,
    "label_priority": 10,
    "label_z_index": 0.0,
    "label_is_obstacle": false,
    "label_min_scale": "100000",
    "label_max_scale": "-",
    "label_callout_enabled": false,
    "label_distance_from_feature": 0.0,
    "label_auto_wrap_enabled": true,
    "label_auto_wrap_length": 50,
    "label_position_auto": false
  },
  {
    "full_name": "Le_3_8_1_2_Т_НГС_1_этап",
    "label_field": "ID",
    "label_font_family": "GOST 2.304",
    "label_font_style": "Bold Italic",
    "label_font_size": 2.0,
    "label_font_color_RGB": "0,0,0",
    "label_buffer_enabled": true,
    "label_buffer_color_RGB": "255,255,255",
    "label_buffer_size": 1.0,
    "label_priority": 10,
    "label_z_index": 0.0,
    "label_is_obstacle": false,
    "label_min_scale": "100000",
    "label_max_scale": "-",
    "label_callout_enabled": false,
    "label_distance_from_feature": 0.0,
    "label_auto_wrap_enabled": true,
    "label_auto_wrap_length": 50,
    "label_position_auto": false
  },
  {
    "full_name": "Le_3_8_2_2_Т_НГС_2_этап",
    "label_field": "ID",
    "label_font_family": "GOST 2.304",
    "label_font_style": "Bold Italic",
    "label_font_size": 2.0,
    "label_font_color_RGB": "0,0,0",
    "label_buffer_enabled": true,
    "label_buffer_color_RGB": "255,255,255",
    "label_buffer_size": 1.0,
    "label_priority": 10,
    "label_z_index": 0.0,
    "label_is_obstacle": false,
    "label_min_scale": "100000",
    "label_max_scale": "-",
    "label_callout_enabled": false,
    "label_distance_from_feature": 0.0,
    "label_auto_wrap_enabled": true,
    "label_auto_wrap_length": 50,
    "label_position_auto": false
  },
  {
    "full_name": "Le_3_8_1_3_Т_Без_Меж_1_этап",
    "label_field": "ID",
    "label_font_family": "GOST 2.304",
    "label_font_style": "Bold Italic",
    "label_font_size": 2.0,
    "label_font_color_RGB": "0,0,0",
    "label_buffer_enabled": true,
    "label_buffer_color_RGB": "255,255,255",
    "label_buffer_size": 1.0,
    "label_priority": 10,
    "label_z_index": 0.0,
    "label_is_obstacle": false,
    "label_min_scale": "100000",
    "label_max_scale": "-",
    "label_callout_enabled": false,
    "label_distance_from_feature": 0.0,
    "label_auto_wrap_enabled": true,
    "label_auto_wrap_length": 50,
    "label_position_auto": false
  },
  {
    "full_name": "Le_3_8_2_3_Т_Без_Меж_2_этап",
    "label_field": "ID",
    "label_font_family": "GOST 2.304",
    "label_font_style": "Bold Italic",
    "label_font_size": 2.0,
    "label_font_color_RGB": "0,0,0",
    "label_buffer_enabled": true,
    "label_buffer_color_RGB": "255,255,255",
    "label_buffer_size": 1.0,
    "label_priority": 10,
    "label_z_index": 0.0,
    "label_is_obstacle": false,
    "label_min_scale": "100000",
    "label_max_scale": "-",
    "label_callout_enabled": false,
    "label_distance_from_feature": 0.0,
    "label_auto_wrap_enabled": true,
    "label_auto_wrap_length": 50,
    "label_position_auto": false
  },
  {
    "full_name": "Le_3_8_1_4_Т_ПС_1_этап",
    "label_field": "ID",
    "label_font_family": "GOST 2.304",
    "label_font_style": "Bold Italic",
    "label_font_size": 2.0,
    "label_font_color_RGB": "0,0,0",
    "label_buffer_enabled": true,
    "label_buffer_color_RGB": "255,255,255",
    "label_buffer_size": 1.0,
    "label_priority": 10,
    "label_z_index": 0.0,
    "label_is_obstacle": false,
    "label_min_scale": "100000",
    "label_max_scale": "-",
    "label_callout_enabled": false,
    "label_distance_from_feature": 0.0,
    "label_auto_wrap_enabled": true,
    "label_auto_wrap_length": 50,
    "label_position_auto": false
  },
  {
    "full_name": "Le_3_8_2_4_Т_ПС_2_этап",
    "label_field": "ID",
    "label_font_family": "GOST 2.304",
    "label_font_style": "Bold Italic",
    "label_font_size": 2.0,
    "label_font_color_RGB": "0,0,0",
    "label_buffer_enabled": true,
    "label_buffer_color_RGB": "255,255,255",
    "label_buffer_size": 1.0,
    "label_priority": 10,
    "label_z_index": 0.0,
    "label_is_obstacle": false,
    "label_min_scale": "100000",
    "label_max_scale": "-",
    "label_callout_enabled": false,
    "label_distance_from_feature": 0.0,
    "label_auto_wrap_enabled": true,
    "label_auto_wrap_length": 50,
    "label_position_auto": false
  },
  {
    "full_name": "Le_3_7_1_1_Раздел_1_этап",
    "label_field": "ID",
    "label_font_family": "GOST 2.304",
    "label_font_style": "Bold Italic",
    "label_font_size": 4.0,
    "label_font_color_RGB": "0,0,255",
    "label_buffer_enabled": true,
    "label_buffer_color_RGB": "255,255,255",
    "label_buffer_size": 1.0,
    "label_priority": 10,
    "label_z_index": 0.0,
    "label_is_obstacle": false,
    "label_min_scale": "100000",
    "label_max_scale": "-",
    "label_callout_enabled": false,
    "label_distance_from_feature": 0.0,
    "label_auto_wrap_enabled": true,
    "label_auto_wrap_length": 50,
    "label_position_auto": false
  },
  {
    "full_name": "Le_3_7_1_2_НГС_1_этап",
    "label_field": "ID",
    "label_font_family": "GOST 2.304",
    "label_font_style": "Bold Italic",
    "label_font_size": 4.0,
    "label_font_color_RGB": "0,0,255",
    "label_buffer_enabled": true,
    "label_buffer_color_RGB": "255,255,255",
    "label_buffer_size": 1.0,
    "label_priority": 10,
    "label_z_index": 0.0,
    "label_is_obstacle": false,
    "label_min_scale": "100000",
    "label_max_scale": "-",
    "label_callout_enabled": false,
    "label_distance_from_feature": 0.0,
    "label_auto_wrap_enabled": true,
    "label_auto_wrap_length": 50,
    "label_position_auto": false
  },
  {
    "full_name": "Le_3_7_1_3_Без_Меж_1_этап",
    "label_field": "ID",
    "label_font_family": "GOST 2.304",
    "label_font_style": "Bold Italic",
    "label_font_size": 4.0,
    "label_font_color_RGB": "0,0,255",
    "label_buffer_enabled": true,
    "label_buffer_color_RGB": "255,255,255",
    "label_buffer_size": 1.0,
    "label_priority": 10,
    "label_z_index": 0.0,
    "label_is_obstacle": false,
    "label_min_scale": "100000",
    "label_max_scale": "-",
    "label_callout_enabled": false,
    "label_distance_from_feature": 0.0,
    "label_auto_wrap_enabled": true,
    "label_auto_wrap_length": 50,
    "label_position_auto": false
  },
  {
    "full_name": "Le_3_7_1_4_ПС_1_этап",
    "label_field": "ID",
    "label_font_family": "GOST 2.304",
    "label_font_style": "Bold Italic",
    "label_font_size": 4.0,
    "label_font_color_RGB": "0,0,255",
    "label_buffer_enabled": true,
    "label_buffer_color_RGB": "255,255,255",
    "label_buffer_size": 1.0,
    "label_priority": 10,
    "label_z_index": 0.0,
    "label_is_obstacle": false,
    "label_min_scale": "100000",
    "label_max_scale": "-",
    "label_callout_enabled": false,
    "label_distance_from_feature": 0.0,
    "label_auto_wrap_enabled": true,
    "label_auto_wrap_length": 50,
    "label_position_auto": false
  },
  {
    "full_name": "Le_3_7_2_1_Раздел_2_этап",
    "label_field": "ID",
    "label_font_family": "GOST 2.304",
    "label_font_style": "Bold Italic",
    "label_font_size": 4.0,
    "label_font_color_RGB": "0,0,255",
    "label_buffer_enabled": true,
    "label_buffer_color_RGB": "255,255,255",
    "label_buffer_size": 1.0,
    "label_priority": 10,
    "label_z_index": 0.0,
    "label_is_obstacle": false,
    "label_min_scale": "100000",
    "label_max_scale": "-",
    "label_callout_enabled": false,
    "label_distance_from_feature": 0.0,
    "label_auto_wrap_enabled": true,
    "label_auto_wrap_length": 50,
    "label_position_auto": false
  },
  {
    "full_name": "Le_3_7_2_2_НГС_2_этап",
    "label_field": "ID",
    "label_font_family": "GOST 2.304",
    "label_font_style": "Bold Italic",
    "label_font_size": 4.0,
    "label_font_color_RGB": "0,0,255",
    "label_buffer_enabled": true,
    "label_buffer_color_RGB": "255,255,255",
    "label_buffer_size": 1.0,
    "label_priority": 10,
    "label_z_index": 0.0,
    "label_is_obstacle": false,
    "label_min_scale": "100000",
    "label_max_scale": "-",
    "label_callout_enabled": false,
    "label_distance_from_feature": 0.0,
    "label_auto_wrap_enabled": true,
    "label_auto_wrap_length": 50,
    "label_position_auto": false
  },
  {
    "full_name": "Le_3_7_2_3_Без_Меж_2_этап",
    "label_field": "ID",
    "label_font_family": "GOST 2.304",
    "label_font_style": "Bold Italic",
    "label_font_size": 4.0,
    "label_font_color_RGB": "0,0,255",
    "label_buffer_enabled": true,
    "label_buffer_color_RGB": "255,255,255",
    "label_buffer_size": 1.0,
    "label_priority": 10,
    "label_z_index": 0.0,
    "label_is_obstacle": false,
    "label_min_scale": "100000",
    "label_max_scale": "-",
    "label_callout_enabled": false,
    "label_distance_from_feature": 0.0,
    "label_auto_wrap_enabled": true,
    "label_auto_wrap_length": 50,
    "label_position_auto": false
  },
  {
    "full_name": "Le_3_7_2_4_ПС_2_этап",
    "label_field": "ID",
    "label_font_family": "GOST 2.304",
    "label_font_style": "Bold Italic",
    "label_font_size": 4.0,
    "label_font_color_RGB": "0,0,255",
    "label_buffer_enabled": true,
    "label_buffer_color_RGB": "255,255,255",
    "label_buffer_size": 1.0,
    "label_priority": 10,
    "label_z_index": 0.0,
    "label_is_obstacle": false,
    "label_min_scale": "100000",
    "label_max_scale": "-",
    "label_callout_enabled": false,
    "label_distance_from_feature": 0.0,
    "label_auto_wrap_enabled": true,
    "label_auto_wrap_length": 50,
    "label_position_auto": false
  },
  {
    "full_name": "Le_3_7_3_1_Раздел_Итог",
    "label_field": "ID",
    "label_font_family": "GOST 2.304",
    "label_font_style": "Bold Italic",
    "label_font_size": 4.0,
    "label_font_color_RGB": "0,0,255",
    "label_buffer_enabled": true,
    "label_buffer_color_RGB": "255,255,255",
    "label_buffer_size": 1.0,
    "label_priority": 10,
    "label_z_index": 0.0,
    "label_is_obstacle": false,
    "label_min_scale": "100000",
    "label_max_scale": "-",
    "label_callout_enabled": false,
    "label_distance_from_feature": 0.0,
    "label_auto_wrap_enabled": true,
    "label_auto_wrap_length": 50,
    "label_position_auto": false
  },
  {
    "full_name": "Le_3_7_3_2_НГС_Итог",
    "label_field": "ID",
    "label_font_family": "GOST 2.304",
    "label_font_style": "Bold Italic",
    "label_font_size": 4.0,
    "label_font_color_RGB": "0,0,255",
    "label_buffer_enabled": true,
    "label_buffer_color_RGB": "255,255,255",
    "label_buffer_size": 1.0,
    "label_priority": 10,
    "label_z_index": 0.0,
    "label_is_obstacle": false,
    "label_min_scale": "100000",
    "label_max_scale": "-",
    "label_callout_enabled": false,
    "label_distance_from_feature": 0.0,
    "label_auto_wrap_enabled": true,
    "label_auto_wrap_length": 50,
    "label_position_auto": false
  },
  {
    "full_name": "Le_3_7_3_3_Без_Меж_Итог",
    "label_field": "ID",
    "label_font_family": "GOST 2.304",
    "label_font_style": "Bold Italic",
    "label_font_size": 4.0,
    "label_font_color_RGB": "0,0,255",
    "label_buffer_enabled": true,
    "label_buffer_color_RGB": "255,255,255",
    "label_buffer_size": 1.0,
    "label_priority": 10,
    "label_z_index": 0.0,
    "label_is_obstacle": false,
    "label_min_scale": "100000",
    "label_max_scale": "-",
    "label_callout_enabled": false,
    "label_distance_from_feature": 0.0,
    "label_auto_wrap_enabled": true,
    "label_auto_wrap_length": 50,
    "label_position_auto": false
  },
  {
    "full_name": "Le_3_7_3_4_ПС_Итог",
    "label_field": "ID",
    "label_font_family": "GOST 2.304",
    "label_font_style": "Bold Italic",
    "label_font_size": 4.0,
    "label_font_color_RGB": "0,0,255",
    "label_buffer_enabled": true,
    "label_buffer_color_RGB": "255,255,255",
    "label_buffer_size": 1.0,
    "label_priority": 10,
    "label_z_index": 0.0,
    "label_is_obstacle": false,
    "label_min_scale": "100000",
    "label_max_scale": "-",
    "label_callout_enabled": false,
    "label_distance_from_feature": 0.0,
    "label_auto_wrap_enabled": true,
    "label_auto_wrap_length": 50,
    "label_position_auto": false
  }
]