[
  {
    "rule_id": 1,
    "target_layer": "Le_1_2_5_51_WFS_ЗОУИТ_МИН_РАСТ",
    "search_field": "name_by_doc",
    "keywords": "минималь"
  },
  {
    "rule_id": 2,
    "target_layer": "Le_1_1_1_1_ЕГРН_Лесничество",
    "search_field": "type_zone",
    "keywords": "лесничеств"
  },
  {
    "rule_id": 3,
    "target_layer": "Le_1_2_6_2_WFS_ПС",
    "search_field": "type_zone",
    "keywords": "зона публичного сервитута"
  },
  {
    "rule_id": 4,
    "target_layer": "Le_1_2_5_26_WFS_ЗОУИТ_3_ПОЯС_ВОДЫ",
    "search_field": "type_zone;name_by_doc",
    "keywords": "зона санитарной охраны источников водоснабжения и водопроводов питьевого назначения;iii пояс"
  },
  {
    "rule_id": 5,
    "target_layer": "Le_1_2_5_26_WFS_ЗОУИТ_3_ПОЯС_ВОДЫ",
    "search_field": "type_zone;name_by_doc",
    "keywords": "зона санитарной охраны источников водоснабжения и водопроводов питьевого назначения;3 пояс"
  },
  {
    "rule_id": 6,
    "target_layer": "Le_1_2_5_25_WFS_ЗОУИТ_2_ПОЯС_ВОДЫ",
    "search_field": "type_zone;name_by_doc",
    "keywords": "зона санитарной охраны источников водоснабжения и водопроводов питьевого назначения;ii пояс"
  },
  {
    "rule_id": 7,
    "target_layer": "Le_1_2_5_25_WFS_ЗОУИТ_2_ПОЯС_ВОДЫ",
    "search_field": "type_zone;name_by_doc",
    "keywords": "зона санитарной охраны источников водоснабжения и водопроводов питьевого назначения;2 пояс"
  },
  {
    "rule_id": 8,
    "target_layer": "Le_1_2_5_24_WFS_ЗОУИТ_1_ПОЯС_ВОДЫ",
    "search_field": "type_zone;name_by_doc",
    "keywords": "зона санитарной охраны источников водоснабжения и водопроводов питьевого назначения;i пояс"
  },
  {
    "rule_id": 9,
    "target_layer": "Le_1_2_5_24_WFS_ЗОУИТ_1_ПОЯС_ВОДЫ",
    "search_field": "type_zone;name_by_doc",
    "keywords": "зона санитарной охраны источников водоснабжения и водопроводов питьевого назначения;1 пояс"
  },
  {
    "rule_id": 10,
    "target_layer": "Le_1_2_5_50_WFS_ЗОУИТ_ОЗ_ГЕО",
    "search_field": "type_zone",
    "keywords": "охранная зона геодезического пункта;охранная зона пунктов государственной геодезической сети"
  },
  {
    "rule_id": 11,
    "target_layer": "Le_1_2_5_1_WFS_ЗОУИТ_СЗЗ",
    "search_field": "type_zone",
    "keywords": "санитарно-защитная зона"
  },
  {
    "rule_id": 12,
    "target_layer": "Le_1_2_5_17_WFS_ЗОУИТ_ОЗ_СС",
    "search_field": "type_zone",
    "keywords": "охранная зона линий и сооружений связи и линий и сооружений радиофикации;охранная зона линий и сооружений связи"
  },
  {
    "rule_id": 13,
    "target_layer": "Le_1_2_5_34_WFS_ЗОУИТ_ООЗ_ОКН",
    "search_field": "type_zone",
    "keywords": "зоны охраны объектов культурного наследия"
  },
  {
    "rule_id": 14,
    "target_layer": "Le_1_2_5_31_WFS_ЗОУИТ_ОЗ_ОКН",
    "search_field": "type_zone",
    "keywords": "зона охраны объекта культурного наследия"
  },
  {
    "rule_id": 15,
    "target_layer": "Le_1_2_5_22_WFS_ЗОУИТ_ОЗ_ПУНКТ_ПРИРОДЫ",
    "search_field": "type_zone",
    "keywords": "стационарного пункта наблюдений"
  },
  {
    "rule_id": 16,
    "target_layer": "Le_1_2_5_16_WFS_ЗОУИТ_ОЗ_ЭЛЕКТРО",
    "search_field": "type_zone;name_by_doc",
    "keywords": "охранная зона инженерных коммуникаций;электро"
  },
  {
    "rule_id": 17,
    "target_layer": "Le_1_2_5_39_WFS_ЗОУИТ_ЗЗ",
    "search_field": "type_zone;name_by_doc",
    "keywords": "иная зона с особыми условиями использования территории;зона затопления"
  },
  {
    "rule_id": 18,
    "target_layer": "Le_1_2_5_39_WFS_ЗОУИТ_ЗЗ",
    "search_field": "type_zone;name_by_doc",
    "keywords": "иная зона с особыми условиями использования территории;затопл"
  },
  {
    "rule_id": 19,
    "target_layer": "Le_1_2_5_39_WFS_ЗОУИТ_ЗЗ",
    "search_field": "type_zone;name_by_doc",
    "keywords": "иная зона с особыми условиями использования территории;половодь"
  },
  {
    "rule_id": 20,
    "target_layer": "Le_1_2_5_52_WFS_ЗОУИТ_РЕЗЕРВ",
    "search_field": "type_zone",
    "keywords": "зона резервирования земель"
  },
  {
    "rule_id": 21,
    "target_layer": "Le_1_2_5_16_WFS_ЗОУИТ_ОЗ_ЭЛЕКТРО",
    "search_field": "name_by_doc",
    "keywords": "электро;вл-;тп-;подстанция;пс;трансформаторной подстанции;охранная зона кабельной линии; кабельная линия;энергообеспечения;линия воздушная;фидерный;охранная зона вл"
  },
  {
    "rule_id": 22,
    "target_layer": "Le_1_2_5_14_WFS_ЗОУИТ_ОЗ_НЕФТЬ",
    "search_field": "name_by_doc",
    "keywords": "нефте"
  },
  {
    "rule_id": 24,
    "target_layer": "Le_1_2_5_47_WFS_ЗОУИТ_ПРИАЭРОД",
    "search_field": "name_by_doc",
    "keywords": "приаэродром"
  },
  {
    "rule_id": 25,
    "target_layer": "Le_1_2_5_19_WFS_ЗОУИТ_ОЗ_ТП",
    "search_field": "name_by_doc",
    "keywords": "тепло"
  },
  {
    "rule_id": 26,
    "target_layer": "Le_1_2_5_15_WFS_ЗОУИТ_ОЗ_ГАЗ",
    "search_field": "name_by_doc",
    "keywords": "газопровод;газоснабж;газорегулятор;газораспределитель;газовые;компрессор;газовый"
  },
  {
    "rule_id": 27,
    "target_layer": "Le_1_2_5_22_WFS_ЗОУИТ_ОЗ_ПУНКТ_ПРИРОДЫ",
    "search_field": "name_by_doc",
    "keywords": "контроля за загрязнением атмосферного воздуха"
  },
  {
    "rule_id": 28,
    "target_layer": "Le_1_2_5_37_WFS_ЗОУИТ_ПЗП",
    "search_field": "type_zone",
    "keywords": "прибрежная защитная полоса"
  },
  {
    "rule_id": 29,
    "target_layer": "Le_1_2_5_36_WFS_ЗОУИТ_ВЗ",
    "search_field": "type_zone",
    "keywords": "водоохранная зона"
  },
  {
    "rule_id": 30,
    "target_layer": "Le_1_2_5_40_WFS_ЗОУИТ_ЗП",
    "search_field": "name_by_doc",
    "keywords": "подтопления"
  },
  {
    "rule_id": 31,
    "target_layer": "Le_1_2_5_39_WFS_ЗОУИТ_ЗЗ",
    "search_field": "name_by_doc",
    "keywords": "затопления;затапливаемая"
  },
  {
    "rule_id": 32,
    "target_layer": "Le_1_2_5_27_WFS_ЗОУИТ_СЗ_ВОДОВОД",
    "search_field": "type_zone",
    "keywords": "зона санитарной охраны источников водоснабжения и водопроводов питьевого назначения"
  },
  {
    "rule_id": 33,
    "target_layer": "Le_1_2_5_11_WFS_ЗОУИТ_ОЗ_ЖД",
    "search_field": "type_zone;name_by_doc",
    "keywords": "охранная зона;железнодорож"
  }
]