[
  {
    "working_name": "КН",
    "full_name": "Кадастровый номер",
    "record_types": "land_record, unified_land_record",
    "xml_level": "null",
    "xml_xpath": "object/common_data/cad_number",
    "data_type": "String",
    "conversion": "null",
    "xml_xpath_root": "-",
    "notes": "-"
  },
  {
    "working_name": "ЕЗ",
    "full_name": "Кадастровый номер единого землепользования",
    "record_types": "unified_land_record",
    "xml_level": "null",
    "xml_xpath": "object/common_data/cad_number",
    "data_type": "String",
    "conversion": "null",
    "xml_xpath_root": "-",
    "notes": "Для ЕЗ - это основной КН"
  },
  {
    "working_name": "Тип_объекта",
    "full_name": "Тип объекта",
    "record_types": "land_record, unified_land_record",
    "xml_level": "null",
    "xml_xpath": "object/subtype/value",
    "data_type": "String",
    "conversion": "null",
    "xml_xpath_root": "-",
    "notes": "Землепользование / Арендованный и т.д."
  },
  {
    "working_name": "Адрес_Местоположения",
    "full_name": "Адрес местоположения",
    "record_types": "land_record, unified_land_record, build_record, construction_record",
    "xml_level": "null",
    "xml_xpath": "address_location/address/readable_address",
    "data_type": "String",
    "conversion": "null",
    "xml_xpath_root": "-",
    "notes": "-"
  },
  {
    "working_name": "Категория",
    "full_name": "Категория земель",
    "record_types": "land_record, unified_land_record",
    "xml_level": "null",
    "xml_xpath": "params/category/type/value",
    "data_type": "String",
    "conversion": "null",
    "xml_xpath_root": "-",
    "notes": "Земли населенных пунктов и т.д."
  },
  {
    "working_name": "ВРИ",
    "full_name": "Вид разрешенного использования",
    "record_types": "land_record, unified_land_record",
    "xml_level": "null",
    "xml_xpath": "params/permitted_use/permitted_use_established/by_document",
    "data_type": "String",
    "conversion": "null",
    "xml_xpath_root": "-",
    "notes": "Может быть длинным текстом"
  },
  {
    "working_name": "Площадь",
    "full_name": "Площадь земельного участка, кв. м",
    "record_types": "land_record, unified_land_record",
    "xml_level": "null",
    "xml_xpath": "params/area/value",
    "data_type": "Real",
    "conversion": "comma_to_dot",
    "xml_xpath_root": "-",
    "notes": "В XML может быть \"1234,56\""
  },
  {
    "working_name": "Права",
    "full_name": "Вид права",
    "record_types": "land_record, unified_land_record, build_record, construction_record",
    "xml_level": "null",
    "xml_xpath": "right_data/right_type/value",
    "data_type": "String",
    "conversion": "semicolon_join",
    "xml_xpath_root": "right_records/right_record",
    "notes": "Множественные права, join через \"; \""
  },
  {
    "working_name": "Обременения",
    "full_name": "Обременение",
    "record_types": "land_record, unified_land_record, build_record, construction_record",
    "xml_level": "null",
    "xml_xpath": "restrictions_encumbrances_data/restriction_encumbrance_type/value",
    "data_type": "String",
    "conversion": "semicolon_join",
    "xml_xpath_root": "restrict_records/restrict_record",
    "notes": "Множественные обременения"
  },
  {
    "working_name": "Собственники",
    "full_name": "Правообладатель",
    "record_types": "land_record, unified_land_record, build_record, construction_record",
    "xml_level": "null",
    "xml_xpath": "legal_entity/entity/resident/name; individual/name; public_formation/public_formation_type/municipality/name; public_formation/public_formation_type/subject_of_rf/name/value; public_formation/public_formation_type/russia/name/value; public_formation/public_formation_type/foreign_public/name/value; public_formation/public_formation_type/union_state/name/value; undefined/undefined",
    "data_type": "String",
    "conversion": "semicolon_join",
    "xml_xpath_root": "right_records/right_record/right_holders/right_holder",
    "notes": "Может быть юрлицо или физлицо"
  },
  {
    "working_name": "Арендаторы",
    "full_name": "Лицо в пользу которого установлено обременение",
    "record_types": "land_record, unified_land_record, build_record, construction_record",
    "xml_level": "null",
    "xml_xpath": "legal_entity/entity/resident/name; individual/name; public_formation/public_formation_type/municipality/name; public_formation/public_formation_type/subject_of_rf/name/value; public_formation/public_formation_type/russia/name/value; public_formation/public_formation_type/foreign_public/name/value; public_formation/public_formation_type/union_state/name/value; undefined/undefined",
    "data_type": "String",
    "conversion": "semicolon_join",
    "xml_xpath_root": "restrict_records/restrict_record/right_holders/right_holder",
    "notes": "Из restrict_records"
  },
  {
    "working_name": "Статус",
    "full_name": "Статус",
    "record_types": "land_record, unified_land_record, build_record, construction_record",
    "xml_level": "root",
    "xml_xpath": "status",
    "data_type": "String",
    "conversion": "null",
    "xml_xpath_root": "-",
    "notes": "Находится на уровне корня XML (вне land_record/build_record)"
  },
  {
    "working_name": "КН",
    "full_name": "Кадастровый номер ОКС",
    "record_types": "build_record, construction_record",
    "xml_level": "null",
    "xml_xpath": "object/common_data/cad_number",
    "data_type": "String",
    "conversion": "null",
    "xml_xpath_root": "-",
    "notes": "ДУБЛИКАТ поля #1 (разные record_types)"
  },
  {
    "working_name": "Тип_ОКСа",
    "full_name": "Тип объекта капитального строительства",
    "record_types": "build_record, construction_record",
    "xml_level": "null",
    "xml_xpath": "object/common_data/type/value",
    "data_type": "String",
    "conversion": "null",
    "xml_xpath_root": "-",
    "notes": "build_record, \"Здание\" и т.д."
  },
  {
    "working_name": "Наименование",
    "full_name": "Наименование ОКС",
    "record_types": "build_record, construction_record",
    "xml_level": "null",
    "xml_xpath": "params/name",
    "data_type": "String",
    "conversion": "null",
    "xml_xpath_root": "-",
    "notes": "Жилой дом и т.д."
  },
  {
    "working_name": "Назначение",
    "full_name": "Назначение ОКС",
    "record_types": "build_record, construction_record",
    "xml_level": "null",
    "xml_xpath": "params/purpose",
    "data_type": "String",
    "conversion": "null",
    "xml_xpath_root": "-",
    "notes": "Жилое и т.д."
  },
  {
    "working_name": "Характеристика",
    "full_name": "Основная характеристика, единицы измерения",
    "record_types": "build_record, construction_record",
    "xml_level": "null",
    "xml_xpath": "-",
    "data_type": "String",
    "conversion": "null",
    "xml_xpath_root": "-",
    "notes": "НЕТ в XML - вычисляемое поле"
  },
  {
    "working_name": "Значение",
    "full_name": "Значение основной характеристики",
    "record_types": "build_record, construction_record",
    "xml_level": "null",
    "xml_xpath": "params/area; params/built_up_area; params/base_parameters/base_parameter/extension",
    "data_type": "Real",
    "conversion": "comma_to_dot",
    "xml_xpath_root": "-",
    "notes": "Множественные источники"
  },
  {
    "working_name": "Площадь_ОКС",
    "full_name": "Площадь ОКС",
    "record_types": "build_record, construction_record",
    "xml_level": "null",
    "xml_xpath": "params/area",
    "data_type": "Real",
    "conversion": "comma_to_dot",
    "xml_xpath_root": "-",
    "notes": "Для ОКС"
  },
  {
    "working_name": "Связанные_ЗУ",
    "full_name": "Кадастровые номера земельных участков, на которых расположен ОКС",
    "record_types": "build_record, construction_record",
    "xml_level": "null",
    "xml_xpath": "cad_number",
    "data_type": "String",
    "conversion": "semicolon_join",
    "xml_xpath_root": "cad_links/land_cad_numbers/land_cad_number",
    "notes": "Множественные КН ЗУ, join через \"; \""
  },
  {
    "working_name": "Категория_код",
    "full_name": "Код категории земель",
    "record_types": "land_record, unified_land_record",
    "xml_level": "null",
    "xml_xpath": "params/category/type/code",
    "data_type": "String",
    "conversion": "null",
    "xml_xpath_root": "-",
    "notes": "Код классификатора категорий земель (например, \"003002000000\")"
  },
  {
    "working_name": "Назначение_код",
    "full_name": "Код назначения ОКС",
    "record_types": "build_record",
    "xml_level": "null",
    "xml_xpath": "params/purpose/code",
    "data_type": "String",
    "conversion": "null",
    "xml_xpath_root": "-",
    "notes": "Код классификатора назначения ОКС"
  },
  {
    "working_name": "Документы_обременений",
    "full_name": "Документы-основания обременений",
    "record_types": "land_record, unified_land_record, build_record, construction_record",
    "xml_level": "null",
    "xml_xpath": "document_name; document_number; document_date",
    "data_type": "String",
    "conversion": "document_concat",
    "xml_xpath_root": "restrict_records/restrict_record/underlying_docs/underlying_document",
    "notes": "Множественные документы, формат: \"Наименование №Номер от Дата\" через \"; \""
  },
  {
    "working_name": "Зоны_границы",
    "full_name": "Номера зон и границ",
    "record_types": "land_record, unified_land_record",
    "xml_level": "null",
    "xml_xpath": "reg_numb_border",
    "data_type": "String",
    "conversion": "semicolon_join",
    "xml_xpath_root": "zones_and_boundaries/special_use_boundaries/special_use_boundary",
    "notes": "Номера границ зон особого использования, join через \"; \""
  },
  {
    "working_name": "КН_родителя",
    "full_name": "Кадастровый номер родительского объекта",
    "record_types": "object_part, unified_land_record",
    "xml_level": "null",
    "xml_xpath": "-",
    "data_type": "String",
    "conversion": "null",
    "xml_xpath_root": "-",
    "notes": "Заполняется программно из основного объекта"
  },
  {
    "working_name": "Номер_части",
    "full_name": "Номер части объекта",
    "record_types": "object_part",
    "xml_level": "null",
    "xml_xpath": "part_number",
    "data_type": "String",
    "conversion": "null",
    "xml_xpath_root": "-",
    "notes": "-"
  },
  {
    "working_name": "Площадь_части",
    "full_name": "Площадь части (кв.м)",
    "record_types": "object_part",
    "xml_level": "null",
    "xml_xpath": "area/value",
    "data_type": "Real",
    "conversion": "comma_to_dot",
    "xml_xpath_root": "-",
    "notes": "Площадь в квадратных метрах"
  },
  {
    "working_name": "Дата_внесения_части",
    "full_name": "Дата внесения сведений о части",
    "record_types": "object_part",
    "xml_level": "null",
    "xml_xpath": "entry_date",
    "data_type": "Date",
    "conversion": "iso_date_truncate",
    "xml_xpath_root": "-",
    "notes": "-"
  },
  {
    "working_name": "Номер_ЗОУИТ",
    "full_name": "Реестровый номер зоны с особыми условиями",
    "record_types": "object_part",
    "xml_level": "null",
    "xml_xpath": "content_restrictions/reg_numb_border/reg_number",
    "data_type": "String",
    "conversion": "null",
    "xml_xpath_root": "-",
    "notes": "23:47-6.2015"
  },
  {
    "working_name": "ВРИ_ОКС",
    "full_name": "Разрешенное использование ОКС",
    "record_types": "build_record, construction_record",
    "xml_level": "null",
    "xml_xpath": "name",
    "data_type": "String",
    "conversion": "semicolon_join",
    "xml_xpath_root": "params/permitted_uses/permitted_use",
    "notes": "-"
  },
  {
    "working_name": "КН_сервитутов",
    "full_name": "Кадастровые номера сервитутов",
    "record_types": "land_record, unified_land_record",
    "xml_level": "null",
    "xml_xpath": "cad_number",
    "data_type": "String",
    "conversion": "semicolon_join",
    "xml_xpath_root": "cad_link/easement_cad_numbers",
    "notes": "Множественные сервитуты через \"; \""
  },
  {
    "working_name": "Тип_объекта_код",
    "full_name": "Код подтипа объекта",
    "record_types": "land_record, unified_land_record",
    "xml_level": "null",
    "xml_xpath": "object/subtype/code",
    "data_type": "String",
    "conversion": "null",
    "xml_xpath_root": "-",
    "notes": "Код классификатора подтипа (например, \"002001000000\")"
  },
  {
    "working_name": "Дата_начала_обременения",
    "full_name": "Дата начала действия обременения",
    "record_types": "land_record, unified_land_record, build_record, construction_record",
    "xml_level": "null",
    "xml_xpath": "restrictions_encumbrances_data/starting_date",
    "data_type": "Date",
    "conversion": "semicolon_join",
    "xml_xpath_root": "restrict_records/restrict_record",
    "notes": "Множественные обременения, join через \"; \""
  },
  {
    "working_name": "Описание_обременения",
    "full_name": "Содержание ограничений (обременений)",
    "record_types": "land_record, unified_land_record, build_record, construction_record",
    "xml_level": "null",
    "xml_xpath": "restrictions_encumbrances_data/content_restrict_encumbrances",
    "data_type": "String",
    "conversion": "semicolon_join",
    "xml_xpath_root": "restrict_records/restrict_record",
    "notes": "Детальное описание условий обременения"
  },
  {
    "working_name": "Обременения_код",
    "full_name": "Код типа обременения",
    "record_types": "land_record, unified_land_record, build_record, construction_record",
    "xml_level": "null",
    "xml_xpath": "restrictions_encumbrances_data/restriction_encumbrance_type/code",
    "data_type": "String",
    "conversion": "semicolon_join",
    "xml_xpath_root": "restrict_records/restrict_record",
    "notes": "Код классификатора типа обременения (например, \"022004000000\")"
  },
  {
    "working_name": "Срок_обременения",
    "full_name": "Срок действия обременения",
    "record_types": "land_record, unified_land_record, build_record, construction_record",
    "xml_level": "null",
    "xml_xpath": "restrictions_encumbrances_data/validity",
    "data_type": "String",
    "conversion": "semicolon_join",
    "xml_xpath_root": "restrict_records/restrict_record",
    "notes": "Срок действия (бессрочно / до даты)"
  },
  {
    "working_name": "Особые_отметки",
    "full_name": "Особые отметки",
    "record_types": "land_record, unified_land_record, build_record, construction_record",
    "xml_level": "null",
    "xml_xpath": "special_notes",
    "data_type": "String",
    "conversion": "null",
    "xml_xpath_root": "-",
    "notes": "Дополнительная информация: границы, ЗОУИТ, споры, незасвидетельствованные характеристики"
  },
  {
    "working_name": "Включенные_объекты",
    "full_name": "Включенные объекты (для ЗУ и ЕЗ)",
    "record_types": "land_record, unified_land_record",
    "xml_level": "null",
    "xml_xpath": "cad_number",
    "data_type": "String",
    "conversion": "semicolon_join",
    "xml_xpath_root": "cad_links/included_objects/included_object",
    "notes": "Все включенные объекты (ЗУ, здания, сооружения). Извлекается из cad_links/included_objects. Множественные значения через \"; \""
  },
  {
    "working_name": "Обособленные_участки_ЕЗ",
    "full_name": "Обособленные/условные участки единого землепользования",
    "record_types": "unified_land_record",
    "xml_level": "null",
    "xml_xpath": "cad_number",
    "data_type": "String",
    "conversion": "semicolon_join",
    "xml_xpath_root": "cad_links/common_land/common_land_parts/included_cad_numbers/included_cad_number",
    "notes": "ТОЛЬКО обособленные/условные участки ЕЗ. Извлекается из cad_links/common_land. Множественные значения через \"; \""
  },
  {
    "working_name": "Дата_формирования_выписки",
    "full_name": "Дата формирования выписки",
    "record_types": "land_record, unified_land_record, build_record, construction_record, object_part",
    "xml_level": "root",
    "xml_xpath": "date_formation",
    "data_type": "Date",
    "conversion": "iso_date_truncate",
    "xml_xpath_root": "-",
    "notes": "На корневом уровне XML, для всех типов выписок"
  },
  {
    "working_name": "Содержит_недвижимость",
    "full_name": "-",
    "record_types": "object_part",
    "xml_level": "null",
    "xml_xpath": "mark_contains_property",
    "data_type": "String",
    "conversion": "null",
    "xml_xpath_root": "-",
    "notes": "-"
  },
  {
    "working_name": "Мнемоника",
    "full_name": "-",
    "record_types": "object_part",
    "xml_level": "null",
    "xml_xpath": "mnemonic",
    "data_type": "String",
    "conversion": "null",
    "xml_xpath_root": "-",
    "notes": "-"
  },
  {
    "working_name": "Временный_характер",
    "full_name": "-",
    "record_types": "object_part",
    "xml_level": "null",
    "xml_xpath": "temporary_info",
    "data_type": "String",
    "conversion": "null",
    "xml_xpath_root": "-",
    "notes": "-"
  },
  {
    "working_name": "Сведения_о_недвижимости",
    "full_name": "-",
    "record_types": "object_part",
    "xml_level": "null",
    "xml_xpath": "realty_info",
    "data_type": "String",
    "conversion": "null",
    "xml_xpath_root": "-",
    "notes": "-"
  },
  {
    "working_name": "Дата_регистрации_ограничения",
    "full_name": "-",
    "record_types": "object_part",
    "xml_level": "null",
    "xml_xpath": "content_restrictions/data_registration/registration_date",
    "data_type": "Date",
    "conversion": "null",
    "xml_xpath_root": "-",
    "notes": "-"
  },
  {
    "working_name": "Номер_регистрации_ограничения",
    "full_name": "-",
    "record_types": "object_part",
    "xml_level": "null",
    "xml_xpath": "content_restrictions/data_registration/restriction_encumbrance_number/right_number",
    "data_type": "String",
    "conversion": "null",
    "xml_xpath_root": "-",
    "notes": "-"
  }
]