[
  {
    "last_name": "Плахотнюк",
    "first_name": "Александр",
    "middle_name": "Алексеевич",
    "email": "ПМ",
    "position": "Инженер-землеустроитель",
    "role_developed": "ДА",
    "role_verified": "НЕТ",
    "role_technical_director": "НЕТ",
    "role_general_director": "НЕТ"
  },
  {
    "last_name": "Мароховский",
    "first_name": "Алексей",
    "middle_name": "Алексеевич",
    "email": "ПМ",
    "position": "Инженер-землеустроитель",
    "role_developed": "ДА",
    "role_verified": "НЕТ",
    "role_technical_director": "НЕТ",
    "role_general_director": "НЕТ"
  },
  {
    "last_name": "Матвеев",
    "first_name": "Андрей",
    "middle_name": null,
    "email": "ПМ",
    "position": "Инженер-землеустроитель",
    "role_developed": "ДА",
    "role_verified": "ДА",
    "role_technical_director": "НЕТ",
    "role_general_director": "НЕТ"
  },
  {
    "last_name": "Менкносонова",
    "first_name": "Вера",
    "middle_name": null,
    "email": "ПМ",
    "position": null,
    "role_developed": "ДА",
    "role_verified": "ДА",
    "role_technical_director": "НЕТ",
    "role_general_director": "НЕТ"
  },
  {
    "last_name": "Божук",
    "first_name": "Вероника",
    "middle_name": null,
    "email": "ПП",
    "position": null,
    "role_developed": "НЕТ",
    "role_verified": "НЕТ",
    "role_technical_director": "ДА",
    "role_general_director": "НЕТ"
  },
  {
    "last_name": "Косынкина",
    "first_name": "Татьяна",
    "middle_name": null,
    "email": "ПП",
    "position": null,
    "role_developed": "НЕТ",
    "role_verified": "ДА",
    "role_technical_director": "НЕТ",
    "role_general_director": "ДА"
  },
  {
    "last_name": "Евдокимова",
    "first_name": "Ольга",
    "middle_name": "Андреевна",
    "email": "ПП",
    "position": null,
    "role_developed": "ДА",
    "role_verified": "ДА",
    "role_technical_director": "НЕТ",
    "role_general_director": "ДА"
  },
  {
    "last_name": "Жерновникова",
    "first_name": "Вероника",
    "middle_name": null,
    "email": "ПП",
    "position": null,
    "role_developed": "ДА",
    "role_verified": "ДА",
    "role_technical_director": "НЕТ",
    "role_general_director": "НЕТ"
  },
  {
    "last_name": "Никитин",
    "first_name": "Антон",
    "middle_name": null,
    "email": "ПП",
    "position": null,
    "role_developed": "ДА",
    "role_verified": "ДА",
    "role_technical_director": "НЕТ",
    "role_general_director": "НЕТ"
  },
  {
    "last_name": "Земсков",
    "first_name": "Андрей",
    "middle_name": null,
    "email": "ПП",
    "position": null,
    "role_developed": "ДА",
    "role_verified": "НЕТ",
    "role_technical_director": "НЕТ",
    "role_general_director": "НЕТ"
  },
  {
    "last_name": "Бердюгин",
    "first_name": null,
    "middle_name": null,
    "email": "ПП",
    "position": null,
    "role_developed": "ДА",
    "role_verified": "НЕТ",
    "role_technical_director": "НЕТ",
    "role_general_director": "НЕТ"
  }
]