[
  {
    "name": "П_ЗУ_КПТ",
    "layers": [
      "Le_2_1_1_1_Выборка_ЗУ",
      "Le_2_1_1_2_Выборка_ЗУ_10_м"
    ]
  },
  {
    "name": "П_ЗУ_изъятие",
    "layers": null
  },
  {
    "name": "_ОКС_КПТ",
    "layers": [
      "L_2_1_2_Выборка_ОКС"
    ]
  },
  {
    "name": "_ЗУ_Права",
    "layers": null
  },
  {
    "name": "_ЗУ_Категории",
    "layers": [
      "L_2_2_1_КАТ_НП",
      "L_2_2_2_КАТ_Сельхоз",
      "L_2_2_3_КАТ_Пром",
      "L_2_2_4_КАТ_ООПТ",
      "L_2_2_5_КАТ_Лес",
      "L_2_2_6_КАТ_Вода",
      "L_2_2_7_КАТ_Запас",
      "L_2_2_8_КАТ_Не_установлена"
    ]
  },
  {
    "name": "_ЗОУИТ_КПТ",
    "layers": [
      "Le_1_2_5_",
      "Le_1_2_6_1_WFS_Зоны_эконом"
    ]
  },
  {
    "name": "П_ОЗУ",
    "layers": [
      "Le_3_1_",
      "Le_3_2_",
      "Le_3_5_",
      "Le_3_6_"
    ]
  }
]