[
  {
    "working_name": "КН",
    "full_name": "Кадастровый номер существующего земельного участка",
    "wfs_zu_field": "cad_num",
    "mapinfo_format": "(Символьное, ограничение по символам 254)"
  },
  {
    "working_name": "ЕЗ",
    "full_name": "Кадастровый номер единого землепользования существующего земельного участка",
    "wfs_zu_field": "-",
    "mapinfo_format": "(Символьное, ограничение по символам 254)"
  },
  {
    "working_name": "Тип_объекта",
    "full_name": "Тип объекта",
    "wfs_zu_field": "land_record_subtype",
    "mapinfo_format": "(Символьное, ограничение по символам 254)"
  },
  {
    "working_name": "Адрес_Местоположения",
    "full_name": "Адрес местоположения",
    "wfs_zu_field": "readable_address",
    "mapinfo_format": "(Символьное, ограничение по символам 254)"
  },
  {
    "working_name": "Категория",
    "full_name": "Категория земель",
    "wfs_zu_field": "land_record_category_type",
    "mapinfo_format": "(Символьное, ограничение по символам 254)"
  },
  {
    "working_name": "ВРИ",
    "full_name": "Вид разрешенного использования",
    "wfs_zu_field": "permitted_use_established_by_document",
    "mapinfo_format": "(Символьное, ограничение по символам 254)"
  },
  {
    "working_name": "Площадь",
    "full_name": "Площадь существующего земельного участка, кв. м",
    "wfs_zu_field": "specified_area",
    "mapinfo_format": "(Целое)"
  },
  {
    "working_name": "Права",
    "full_name": "Вид права",
    "wfs_zu_field": "right_type",
    "mapinfo_format": "(Символьное, ограничение по символам 254)"
  },
  {
    "working_name": "Обременения",
    "full_name": "Обременение",
    "wfs_zu_field": "-",
    "mapinfo_format": "(Символьное, ограничение по символам 254)"
  },
  {
    "working_name": "Собственники",
    "full_name": "Правообладатель земельного участка",
    "wfs_zu_field": "ownership_type",
    "mapinfo_format": "(Символьное, ограничение по символам 254)"
  },
  {
    "working_name": "Арендаторы",
    "full_name": "Лицо, в пользу которого установлено обременение",
    "wfs_zu_field": "-",
    "mapinfo_format": "(Символьное, ограничение по символам 254)"
  },
  {
    "working_name": "Статус",
    "full_name": "Статус",
    "wfs_zu_field": "status",
    "mapinfo_format": "(Символьное, ограничение по символам 254)"
  },
  {
    "working_name": "ОКС_на_ЗУ_выписка",
    "full_name": "Кадастровые номера ОКС, расположенных на ЗУ по выписке",
    "wfs_zu_field": "-",
    "mapinfo_format": "(Символьное, ограничение по символам 254)"
  },
  {
    "working_name": "ОКС_на_ЗУ_факт",
    "full_name": "Кадастровые номера ОКС, расположенных на ЗУ по информации из открытых источников",
    "wfs_zu_field": "-",
    "mapinfo_format": "(Символьное, ограничение по символам 254)"
  }
]