[
  {
    "working_name": "ID",
    "full_name": "Условный номер образуемого/ изменяемого земельного участка ",
    "mapinfo_format": "(Целое)",
    "field_description": "Генерируется функцией, нумерация контуров"
  },
  {
    "working_name": "Услов_КН",
    "full_name": "Кадастровый номер образуемого/ изменяемого земельного участка ",
    "mapinfo_format": "(Символьное, ограничение по символам 254)",
    "field_description": "Генерируется функцией, присвоение \":ЗУ1\" или \"/чзу1\" (без повторов)"
  },
  {
    "working_name": "КН",
    "full_name": "Кадастровый номер исходного земельного участка",
    "mapinfo_format": "(Символьное, ограничение по символам 254)",
    "field_description": "Полное соответствие с L_1_3_1_ЗУ"
  },
  {
    "working_name": "Услов_ЕЗ",
    "full_name": "Условный кадастровый номер единого землепользования ",
    "mapinfo_format": "(Символьное, ограничение по символам 254)",
    "field_description": "Генерируется функцией, присвоение \":ЗУ1\" или \"/чзу1\" (без повторов)"
  },
  {
    "working_name": "ЕЗ",
    "full_name": "Кадастровый номер единого землепользования существующего земельного участка",
    "mapinfo_format": "(Символьное, ограничение по символам 254)",
    "field_description": "Полное соответствие с L_1_3_1_ЗУ"
  },
  {
    "working_name": "Тип_объекта",
    "full_name": "Тип объекта",
    "mapinfo_format": "(Символьное, ограничение по символам 254)",
    "field_description": "Полное соответствие с L_1_3_1_ЗУ"
  },
  {
    "working_name": "Адрес_Местоположения",
    "full_name": "Адрес образуемого/ изменяемого земельного участка",
    "mapinfo_format": "(Символьное, ограничение по символам 254)",
    "field_description": "Полное соответствие с L_1_3_1_ЗУ"
  },
  {
    "working_name": "Категория",
    "full_name": "Категория земель исходного земельного участка",
    "mapinfo_format": "(Символьное, ограничение по символам 254)",
    "field_description": "Полное соответствие с L_1_3_1_ЗУ"
  },
  {
    "working_name": "План_категория",
    "full_name": "Планируемая категория земель образуемого/ изменяемого земельного участка",
    "mapinfo_format": "(Символьное, ограничение по символам 254)",
    "field_description": "Генерируется функцией в соотвествии с базой \"Land_categories\""
  },
  {
    "working_name": "ВРИ",
    "full_name": "Вид разрешенного использования исходного земельного участка",
    "mapinfo_format": "(Символьное, ограничение по символам 254)",
    "field_description": "Полное соответствие с L_1_3_1_ЗУ"
  },
  {
    "working_name": "План_ВРИ",
    "full_name": "Планируемый вид разрешенного использования образуемого/ изменяемого земельного участка ",
    "mapinfo_format": "(Символьное, ограничение по символам 254)",
    "field_description": "Генерируется функцией в соотвествии с базой \"VRI\""
  },
  {
    "working_name": "Площадь",
    "full_name": "Площадь исходного земельного участка по сведениям ЕГРН, кв. м",
    "mapinfo_format": "(Целое)",
    "field_description": "Полное соответствие с L_1_3_1_ЗУ"
  },
  {
    "working_name": "Площадь_ОЗУ",
    "full_name": "Площадь образуемого/ изменяемого земельного участка , кв. м",
    "mapinfo_format": "(Целое)",
    "field_description": "Генерируется функцией, площадь контура на плоскости в кв. м."
  },
  {
    "working_name": "Права",
    "full_name": "Права",
    "mapinfo_format": "(Символьное, ограничение по символам 254)",
    "field_description": "Полное соответствие с L_1_3_1_ЗУ"
  },
  {
    "working_name": "Обременение",
    "full_name": "Обременение",
    "mapinfo_format": "(Символьное, ограничение по символам 254)",
    "field_description": "Полное соответствие с L_1_3_1_ЗУ"
  },
  {
    "working_name": "Собственники",
    "full_name": "Собственники",
    "mapinfo_format": "(Символьное, ограничение по символам 254)",
    "field_description": "Полное соответствие с L_1_3_1_ЗУ"
  },
  {
    "working_name": "Арендаторы",
    "full_name": "Арендаторы",
    "mapinfo_format": "(Символьное, ограничение по символам 254)",
    "field_description": "Полное соответствие с L_1_3_1_ЗУ"
  },
  {
    "working_name": "Вид_Работ",
    "full_name": "Способ образования земельного участка/ вид работ",
    "mapinfo_format": "(Символьное, ограничение по символам 254)",
    "field_description": "Генерируется функцией в соотвествии с базой \"Work_types\""
  },
  {
    "working_name": "Точки",
    "full_name": "Номера характерных точек образуемого земельного участка ",
    "mapinfo_format": "(Символьное, ограничение по символам 254)",
    "field_description": "Генерируется функцией, нумерация точек"
  },
  {
    "working_name": "ОКС_на_ЗУ_выписка",
    "full_name": "Кадастровые номера ОКС, расположенных на ЗУ по выписке",
    "mapinfo_format": "(Символьное, ограничение по символам 254)",
    "field_description": "F_2_5_Анализ ОКС"
  },
  {
    "working_name": "ОКС_на_ЗУ_факт",
    "full_name": "Кадастровые номера ОКС, расположенных на ЗУ по информации из открытых источников",
    "mapinfo_format": "(Символьное, ограничение по символам 254)",
    "field_description": "F_2_5_Анализ ОКС"
  },
  {
    "working_name": "Общая_земля",
    "full_name": "Сведения об отнесении (неотнесении) образуемого земельного участка к территории общего пользования",
    "mapinfo_format": "(Символьное, ограничение по символам 254)",
    "field_description": "Согласно полю TOP из базы данных VRI"
  },
  {
    "working_name": "ЗПР",
    "full_name": "ЗПР",
    "mapinfo_format": "(Символьное, ограничение по символам 254)",
    "field_description": "Генерируется функцией в соотвествии со слоем который был наложен для нарезки (из групп L_2_3 или L_2_4)"
  },
  {
    "working_name": "НП",
    "full_name": "Наложение на НП",
    "mapinfo_format": "(Символьное, ограничение по символам 254)",
    "field_description": "-"
  },
  {
    "working_name": "МО",
    "full_name": "Наложение на МО",
    "mapinfo_format": "(Символьное, ограничение по символам 254)",
    "field_description": "-"
  },
  {
    "working_name": "Лес",
    "full_name": "Наложение на Лесной фонд",
    "mapinfo_format": "(Символьное, ограничение по символам 254)",
    "field_description": "-"
  },
  {
    "working_name": "Вода",
    "full_name": "Наложение на Водный фонд",
    "mapinfo_format": "(Символьное, ограничение по символам 254)",
    "field_description": "-"
  }
]