[
  {
    "volume_number": 1,
    "department": "ПП",
    "section_title": "Основная часть проекта планировки территории",
    "section": "Раздел 1 «Проект планировки территории. Графическая часть»"
  },
  {
    "volume_number": 2,
    "department": "ПП",
    "section_title": "Основная часть проекта планировки территории",
    "section": "Раздел 2 «Положение о размещении линейных объектов»"
  },
  {
    "volume_number": 3,
    "department": "ПП",
    "section_title": "Материалы по обоснованию проекта планировки территории",
    "section": "Раздел 3 «Материалы по обоснованию проекта планировки территории. Графическая часть»"
  },
  {
    "volume_number": 4,
    "department": "ПП",
    "section_title": "Материалы по обоснованию проекта планировки территории",
    "section": "Раздел 4 «Материалы по обоснованию проекта планировки территории. Пояснительная записка»"
  },
  {
    "volume_number": 5,
    "department": "ПМ",
    "section_title": "Основная часть проекта межевания территории",
    "section": "Раздел 1 «Проект межевания территории. Графическая часть»"
  },
  {
    "volume_number": 6,
    "department": "ПМ",
    "section_title": "Основная часть проекта межевания территории",
    "section": "Раздел 2 «Проект межевания территории. Текстовая часть»"
  },
  {
    "volume_number": 7,
    "department": "ПМ",
    "section_title": "Материалы по обоснованию межевания территории",
    "section": "Раздел 3 «Материалы по обоснованию проекта межевания территории. Графическая часть»"
  },
  {
    "volume_number": 8,
    "department": "ПМ",
    "section_title": "Материалы по обоснованию межевания территории",
    "section": "Раздел 4 «Материалы по обоснованию проекта межевания территории. Пояснительная записка»"
  }
]