[
  {
    "key": "1_0_working_name",
    "name": "Рабочее название",
    "status_fields": "required_fields",
    "type": "string",
    "values": "-",
    "description": "Для папок и файлов"
  },
  {
    "key": "1_1_full_name",
    "name": "Полное наименование",
    "status_fields": "required_fields",
    "type": "string",
    "values": "-",
    "description": "Официальное название объекта"
  },
  {
    "key": "1_2_object_type",
    "name": "Тип объекта",
    "status_fields": "required_fields",
    "type": "enum",
    "values": "Линейный/Площадной",
    "description": "Тип геометрии объекта"
  },
  {
    "key": "1_2_1_object_type_value",
    "name": "Значение линейного объекта",
    "status_fields": "required_fields",
    "type": "enum",
    "values": "Федеральный/Региональный/Местный",
    "description": "Значение линейного объекта (указывается только для линейных)"
  },
  {
    "key": "1_3_project_folder",
    "name": "Папка проекта",
    "status_fields": "required_fields",
    "type": "string",
    "values": "-",
    "description": "Путь к папке проекта"
  },
  {
    "key": "1_4_crs",
    "name": "Система координат",
    "status_fields": "required_fields",
    "type": "crs",
    "values": "-",
    "description": "Берется из базы QGIS"
  },
  {
    "key": "1_5_doc_type",
    "name": "Тип документации",
    "status_fields": "required_fields",
    "type": "enum",
    "values": "ДПТ/Мастер-план",
    "description": "Форма документов"
  },
  {
    "key": "1_6_stage",
    "name": "Этап разработки",
    "status_fields": "required_fields",
    "type": "enum",
    "values": "Первичная/Внесение изменений",
    "description": "Этап разработки документации"
  },
  {
    "key": "2_1_code",
    "name": "Шифр",
    "status_fields": "optional_fields",
    "type": "string",
    "values": "-",
    "description": "Шифр проекта"
  },
  {
    "key": "2_2_date",
    "name": "Дата",
    "status_fields": "optional_fields",
    "type": "string",
    "values": "-",
    "description": "Дата выпуска для титулов, обложек, и штампов"
  },
  {
    "key": "2_3_company",
    "name": "Компания",
    "status_fields": "optional_fields",
    "type": "enum",
    "values": "ООО «КРТ Система»/ООО «БТИиК»",
    "description": "Компания выполняющая договор"
  },
  {
    "key": "2_4_city",
    "name": "Город",
    "status_fields": "optional_fields",
    "type": "enum",
    "values": "Санкт-Петербург/Симферополь/Москва",
    "description": "Город"
  },
  {
    "key": "2_5_customer",
    "name": "Заказчик",
    "status_fields": "optional_fields",
    "type": null,
    "values": "-",
    "description": "Заказчик"
  },
  {
    "key": "2_6_general_director",
    "name": "Генеральный директор",
    "status_fields": "optional_fields",
    "type": "enum",
    "values": "А.В. Сердюков",
    "description": "Генеральный директор"
  },
  {
    "key": "2_7_technical_director",
    "name": "Технический директор",
    "status_fields": "optional_fields",
    "type": "enum",
    "values": "Р.С. Левицкий",
    "description": "Технический директор"
  },
  {
    "key": "2_8_cover",
    "name": "Обложка",
    "status_fields": "optional_fields",
    "type": "enum",
    "values": "Наша/Заказчика",
    "description": "Обложка обычно не наша"
  },
  {
    "key": "2_9_title_start",
    "name": "С какого листа начинается наш титул",
    "status_fields": "optional_fields",
    "type": "string",
    "values": "-",
    "description": "С какого листа начинается наш титул, так как перед нами могут быть еще подрядчики"
  },
  {
    "key": "2_10_main_scale",
    "name": "Основной масштаб",
    "status_fields": "optional_fields",
    "type": "enum",
    "values": "500/1000/2000",
    "description": "Основной масштаб, основной массы чертежей (прописано в ТЗ)"
  },
  {
    "key": "2_10_1_DXF_SCALE_TO_TEXT_HEIGHT",
    "name": "Высота текста в DXF",
    "status_fields": "optional_fields",
    "type": "enum",
    "values": "1.5/3/6",
    "description": "Высота текста"
  },
  {
    "key": "2_11_developer",
    "name": "Разработчик",
    "status_fields": "optional_fields",
    "type": "string",
    "values": "-",
    "description": "Разаботал"
  },
  {
    "key": "2_12_examiner",
    "name": "Проверяющий",
    "status_fields": "optional_fields",
    "type": "string",
    "values": "-",
    "description": "Проверил"
  },
  {
    "key": "2_13_sheet_format",
    "name": "Формат листа",
    "status_fields": "optional_fields",
    "type": "enum",
    "values": "A1/A2/A3/A4",
    "description": "Формат листа для макетов"
  },
  {
    "key": "2_14_sheet_orientation",
    "name": "Ориентация листа",
    "status_fields": "optional_fields",
    "type": "enum",
    "values": "Альбомная/Книжная",
    "description": "Ориентация листа"
  }
]