[
  {
    "code": "Для прохода или проезда через земельный участок",
    "name": "Brush(34, 41120, -1) Pen(1, 2, 41120)"
  },
  {
    "code": "Для свободного доступа к прибрежной полосе",
    "name": "Brush(34, 7381247, -1) Pen(1, 2, 7381247)"
  },
  {
    "code": "Для использования земельного участка в целях ремонта коммунальных, инженерных, электрических и других линий и сетей, а также объектов транспортной инфраструктуры",
    "name": "Brush(29, 8388736, -1) Pen(1, 2, 8388736)"
  }
]