[
  {
    "code": "12.0",
    "name": "Земельные участки (территории) общего пользования",
    "full_name": "Земельные участки (территории) общего пользования (код 12.0)",
    "is_public_territory": true
  },
  {
    "code": "12.0.1",
    "name": "Улично-дорожная сеть",
    "full_name": "Улично-дорожная сеть (код 12.0.1)",
    "is_public_territory": true
  },
  {
    "code": "12.0.2",
    "name": "Благоустройство территории",
    "full_name": "Благоустройство территории (код 12.0.2)",
    "is_public_territory": true
  },
  {
    "code": "3.0",
    "name": "Общественное использование объектов капитального строительства",
    "full_name": "Общественное использование объектов капитального строительства (код 3.0)",
    "is_public_territory": false
  },
  {
    "code": "3.1",
    "name": "Коммунальное обслуживание",
    "full_name": "Коммунальное обслуживание (код 3.1)",
    "is_public_territory": false
  },
  {
    "code": "5.0",
    "name": "Отдых (рекреация)",
    "full_name": "Отдых (рекреация) (код 5.0)",
    "is_public_territory": true
  },
  {
    "code": "6.0",
    "name": "Производственная деятельность",
    "full_name": "Производственная деятельность (код 6.0)",
    "is_public_territory": false
  },
  {
    "code": "6.9",
    "name": "Склады",
    "full_name": "Склады (код 6.9)",
    "is_public_territory": false
  },
  {
    "code": "7.0",
    "name": "Транспорт",
    "full_name": "Транспорт (код 7.0)",
    "is_public_territory": false
  },
  {
    "code": "7.1",
    "name": "Железнодорожный транспорт",
    "full_name": "Железнодорожный транспорт (код 7.1)",
    "is_public_territory": false
  },
  {
    "code": "7.2",
    "name": "Автомобильный транспорт",
    "full_name": "Автомобильный транспорт (код 7.2)",
    "is_public_territory": false
  },
  {
    "code": "1.1",
    "name": "Растениеводство",
    "full_name": "Растениеводство (код 1.1)",
    "is_public_territory": false
  },
  {
    "code": "4.7",
    "name": "Гостиничное обслуживание",
    "full_name": "Гостиничное обслуживание (код 4.7)",
    "is_public_territory": false
  },
  {
    "code": "3.1.1",
    "name": "Предоставление коммунальных услуг",
    "full_name": "Предоставление коммунальных услуг (код 3.1.1)",
    "is_public_territory": false
  },
  {
    "code": "2.5",
    "name": "Среднеэтажная жилая застройка",
    "full_name": "Среднеэтажная жилая застройка (код 2.5)",
    "is_public_territory": false
  },
  {
    "code": "2.6",
    "name": "Многоэтажная жилая застройка",
    "full_name": "Многоэтажная жилая застройка (код 2.6)",
    "is_public_territory": false
  },
  {
    "code": "3.8.1",
    "name": "Государственное управление",
    "full_name": "Государственное управление (код 3.8.1)",
    "is_public_territory": false
  },
  {
    "code": "8.3",
    "name": "Обеспечение внутреннего правопорядка",
    "full_name": "Обеспечение внутреннего правопорядка (код 8.3)",
    "is_public_territory": false
  },
  {
    "code": "3.5.1",
    "name": "Дошкольное, начальное и среднее общее образование",
    "full_name": "Дошкольное, начальное и среднее общее образование (код 3.5.1)",
    "is_public_territory": false
  },
  {
    "code": "3.6.1",
    "name": "Объекты культурно-досуговой деятельности",
    "full_name": "Объекты культурно-досуговой деятельности (код 3.6.1)",
    "is_public_territory": false
  },
  {
    "code": "4.1",
    "name": "Деловое управление",
    "full_name": "Деловое управление (код 4.1)",
    "is_public_territory": false
  },
  {
    "code": "4.2",
    "name": "Объекты торговли",
    "full_name": "Объекты торговли (код 4.2)",
    "is_public_territory": false
  }
]