[
  {
    "vedomost_value": "Образование земельного участка путем раздела",
    "code": "Границы образуемых земельных участков",
    "code_code": "7F.4",
    "style": "Brush(15, 16765183, -1) Pen(22, 2, 32768)",
    "code_code_xml": 903010400
  },
  {
    "vedomost_value": "Образование земельного участка из земельных участков, находящихся в государственной или муниципальной собственности",
    "code": "Границы образуемых земельных участков",
    "code_code": "7F.4",
    "style": "Brush(15, 16765183, -1) Pen(22, 2, 32768)",
    "code_code_xml": 903010400
  },
  {
    "vedomost_value": "Образование земельного участка путем объединения земельных участков с условными номерами",
    "code": "Границы образуемых земельных участков",
    "code_code": "7F.4",
    "style": "Brush(15, 16765183, -1) Pen(22, 2, 32768)",
    "code_code_xml": 903010400
  },
  {
    "vedomost_value": "Образование земельного участка путем раздела",
    "code": "Границы образуемых земельных участков которые после образования будут относиться к имуществу общего пользования",
    "code_code": "7F.5",
    "style": "Brush(15, 16760960, -1) Pen(22, 2, 32768)",
    "code_code_xml": 903010500
  },
  {
    "vedomost_value": "Образование земельного участка путем раздела",
    "code": "Границы образуемых земельных участков которые после образования будут относиться к территориям общего пользования",
    "code_code": "7F.6",
    "style": "Brush(16, 10551248, -1) Pen(22, 2, 32768)",
    "code_code_xml": 903010600
  },
  {
    "vedomost_value": "Изменяемый земельный участок",
    "code": "Границы изменяемых земельных участков",
    "code_code": "7F.3",
    "style": "Brush(15, 14201087, -1) Pen(22, 2, 32768)",
    "code_code_xml": 903010300
  },
  {
    "vedomost_value": "Существующий (сохраняемый) земельный участок",
    "code": "Границы существующих (сохраняемых) земельных участков",
    "code_code": "7F.1",
    "style": "Brush(16, 16770192, -1) Pen(22, 2, 32768)",
    "code_code_xml": 903010100
  },
  {
    "vedomost_value": "Образование земельного участка в связи с его изъятием для государственных или муниципальных нужд",
    "code": "Границы образуемых земельных участков предполагаемых к изъятию для государственных или муниципальных нужд",
    "code_code": "7F.7",
    "style": "Brush(32, 8388608, -1) Pen(22, 2, 8388608)",
    "code_code_xml": 903010700
  },
  {
    "vedomost_value": "Существующий (сохраняемый) земельный участок предполагаемый к изъятию для государственных или муниципальных нужд",
    "code": "Границы земельных участков предполагаемых к изъятию для государственных или муниципальных нужд",
    "code_code": "7F.2",
    "style": "Brush(32, 8388608, -1) Pen(22, 2, 8388608)",
    "code_code_xml": 903010200
  }
]